,Station,Canton,January_1963,February_1963,March_1963,April_1963,May_1963,June_1963,July_1963,August_1963,September_1963,October_1963,November_1963,December_1963,Year mean_1963,January_1965,February_1965,March_1965,April_1965,May_1965,June_1965,July_1965,August_1965,September_1965,October_1965,November_1965,December_1965,Year mean_1965,January_1966,February_1966,March_1966,April_1966,May_1966,June_1966,July_1966,August_1966,September_1966,October_1966,November_1966,December_1966,Year mean_1966,January_1967,February_1967,March_1967,April_1967,May_1967,June_1967,July_1967,August_1967,September_1967,October_1967,November_1967,December_1967,Year mean_1967,January_1968,February_1968,March_1968,April_1968,May_1968,June_1968,July_1968,August_1968,September_1968,October_1968,November_1968,December_1968,Year mean_1968,January_1969,February_1969,March_1969,April_1969,May_1969,June_1969,July_1969,August_1969,September_1969,October_1969,November_1969,December_1969,Year mean_1969,January_1970,February_1970,March_1970,April_1970,May_1970,June_1970,July_1970,August_1970,September_1970,October_1970,November_1970,December_1970,Year mean_1970,January_1971,February_1971,March_1971,April_1971,May_1971,June_1971,July_1971,August_1971,September_1971,October_1971,November_1971,December_1971,Year mean_1971,January_1973,February_1973,March_1973,April_1973,May_1973,June_1973,July_1973,August_1973,September_1973,October_1973,November_1973,December_1973,Year mean_1973,January_1975,February_1975,March_1975,April_1975,May_1975,June_1975,July_1975,August_1975,September_1975,October_1975,November_1975,December_1975,Year mean_1975,January_1976,February_1976,March_1976,April_1976,May_1976,June_1976,July_1976,August_1976,September_1976,October_1976,November_1976,December_1976,Year mean_1976,January_1977,February_1977,March_1977,April_1977,May_1977,June_1977,July_1977,August_1977,September_1977,October_1977,November_1977,December_1977,Year mean_1977,January_1978,February_1978,March_1978,April_1978,May_1978,June_1978,July_1978,August_1978,September_1978,October_1978,November_1978,December_1978,Year mean_1978,January_1979,February_1979,March_1979,April_1979,May_1979,June_1979,July_1979,August_1979,September_1979,October_1979,November_1979,December_1979,Year mean_1979,January_1980,February_1980,March_1980,April_1980,May_1980,June_1980,July_1980,August_1980,September_1980,October_1980,November_1980,December_1980,Year mean_1980,January_1981,February_1981,March_1981,April_1981,May_1981,June_1981,July_1981,August_1981,September_1981,October_1981,November_1981,December_1981,Year mean_1981,January_1982,February_1982,March_1982,April_1982,May_1982,June_1982,July_1982,August_1982,September_1982,October_1982,November_1982,December_1982,Year mean_1982,January_1983,February_1983,March_1983,April_1983,May_1983,June_1983,July_1983,August_1983,September_1983,October_1983,November_1983,December_1983,Year mean_1983,January_1984,February_1984,March_1984,April_1984,May_1984,June_1984,July_1984,August_1984,September_1984,October_1984,November_1984,December_1984,Year mean_1984,January_1985,February_1985,March_1985,April_1985,May_1985,June_1985,July_1985,August_1985,September_1985,October_1985,November_1985,December_1985,Year mean_1985,January_1986,February_1986,March_1986,April_1986,May_1986,June_1986,July_1986,August_1986,September_1986,October_1986,November_1986,December_1986,Year mean_1986,January_1987,February_1987,March_1987,April_1987,May_1987,June_1987,July_1987,August_1987,September_1987,October_1987,November_1987,December_1987,Year mean_1987,January_1988,February_1988,March_1988,April_1988,May_1988,June_1988,July_1988,August_1988,September_1988,October_1988,November_1988,December_1988,Year mean_1988,January_1989,February_1989,March_1989,April_1989,May_1989,June_1989,July_1989,August_1989,September_1989,October_1989,November_1989,December_1989,Year mean_1989,January_1990,February_1990,March_1990,April_1990,May_1990,June_1990,July_1990,August_1990,September_1990,October_1990,November_1990,December_1990,Year mean_1990,January_1991,February_1991,March_1991,April_1991,May_1991,June_1991,July_1991,August_1991,September_1991,October_1991,November_1991,December_1991,Year mean_1991,January_1992,February_1992,March_1992,April_1992,May_1992,June_1992,July_1992,August_1992,September_1992,October_1992,November_1992,December_1992,Year mean_1992,January_1993,February_1993,March_1993,April_1993,May_1993,June_1993,July_1993,August_1993,September_1993,October_1993,November_1993,December_1993,Year mean_1993,January_1994,February_1994,March_1994,April_1994,May_1994,June_1994,July_1994,August_1994,September_1994,October_1994,November_1994,December_1994,Year mean_1994,January_1995,February_1995,March_1995,April_1995,May_1995,June_1995,July_1995,August_1995,September_1995,October_1995,November_1995,December_1995,Year mean_1995,January_1996,February_1996,March_1996,April_1996,May_1996,June_1996,July_1996,August_1996,September_1996,October_1996,November_1996,December_1996,Year mean_1996,January_1997,February_1997,March_1997,April_1997,May_1997,June_1997,July_1997,August_1997,September_1997,October_1997,November_1997,December_1997,Year mean_1997,January_1999,February_1999,March_1999,April_1999,May_1999,June_1999,July_1999,August_1999,September_1999,October_1999,November_1999,December_1999,Year mean_1999,January_2003,February_2003,March_2003,April_2003,May_2003,June_2003,July_2003,August_2003,September_2003,October_2003,November_2003,December_2003,Year mean_2003,January_2004,February_2004,March_2004,April_2004,May_2004,June_2004,July_2004,August_2004,September_2004,October_2004,November_2004,December_2004,Year mean_2004,January_2005,February_2005,March_2005,April_2005,May_2005,June_2005,July_2005,August_2005,September_2005,October_2005,November_2005,December_2005,Year mean_2005,January_2006,February_2006,March_2006,April_2006,May_2006,June_2006,July_2006,August_2006,September_2006,October_2006,November_2006,December_2006,Year mean_2006,January_2007,February_2007,March_2007,April_2007,May_2007,June_2007,July_2007,August_2007,September_2007,October_2007,November_2007,December_2007,Year mean_2007,January_2008,February_2008,March_2008,April_2008,May_2008,June_2008,July_2008,August_2008,September_2008,October_2008,November_2008,December_2008,Year mean_2008,January_2009,February_2009,March_2009,April_2009,May_2009,June_2009,July_2009,August_2009,September_2009,October_2009,November_2009,December_2009,Year mean_2009,January_2010,February_2010,March_2010,April_2010,May_2010,June_2010,July_2010,August_2010,September_2010,October_2010,November_2010,December_2010,Year mean_2010,January_2011,February_2011,March_2011,April_2011,May_2011,June_2011,July_2011,August_2011,September_2011,October_2011,November_2011,December_2011,Year mean_2011,January_2012,February_2012,March_2012,April_2012,May_2012,June_2012,July_2012,August_2012,September_2012,October_2012,November_2012,December_2012,Year mean_2012,January_2013,February_2013,March_2013,April_2013,May_2013,June_2013,July_2013,August_2013,September_2013,October_2013,November_2013,December_2013,Year mean_2013,January_2014,February_2014,March_2014,April_2014,May_2014,June_2014,July_2014,August_2014,September_2014,October_2014,November_2014,December_2014,Year mean_2014,January_2015,February_2015,March_2015,April_2015,May_2015,June_2015,July_2015,August_2015,September_2015,October_2015,November_2015,December_2015,Year mean_2015,January_2016,February_2016,March_2016,April_2016,May_2016,June_2016,July_2016,August_2016,September_2016,October_2016,November_2016,December_2016,Year mean_2016,January_2017,February_2017,March_2017,April_2017,May_2017,June_2017,July_2017,August_2017,September_2017,October_2017,November_2017,December_2017,Year mean_2017,January_2018,February_2018,March_2018,April_2018,May_2018,June_2018,July_2018,August_2018,September_2018,October_2018,November_2018,December_2018,Year mean_2018,January_2019,February_2019,March_2019,April_2019,May_2019,June_2019,July_2019,August_2019,September_2019,October_2019,November_2019,December_2019,Year mean_2019,January_2020,February_2020,March_2020,April_2020,May_2020,June_2020,July_2020,August_2020,September_2020,October_2020,November_2020,December_2020,Year mean_2020,January_2021,February_2021,March_2021,April_2021,May_2021,June_2021,July_2021,August_2021,September_2021,October_2021,November_2021,December_2021,Year mean_2021,January_2022,February_2022,March_2022,April_2022,May_2022,June_2022,July_2022,August_2022,September_2022,October_2022,November_2022,December_2022,Year mean_2022,January_2023,February_2023,March_2023,April_2023,May_2023,June_2023,July_2023,August_2023,September_2023,October_2023,November_2023,December_2023,Year mean_2023
0,BRISSAGO S,TI,,,,,,,,,,,,,,,,,,,,,,,,,,,,,,,,,,,,,,,,,,,,,,,,,,,,,,,,,,,,,,,,,,,,,,,,,,,,,,,,,,,,,,,,,,,,,,,,,,,,,,,,,,,,,,,,,,,,,,,,,,,,,,,,,,,,,,,,,,,,,,,,,,,,,,,,,,,,,,,,,,,,,,,,,,,,,,,,,,,,,,,,,,,,,,,,,,,,,,,,,,,,,,,,,,,,,,,,,,,,,,,,,,,,,,,,,,,,,,,,,,,,,,,,,,,,,,,,,,,,,,,,,,,,,,,,,,,,,,,,,,,,,,,7478.0,5500.0,6000.0,7500.0,7839.0,8076.0,8021.0,9191.0,8876.0,8456.0,7633.0,6549.0,7478.0,5709.0,6374.0,7680.0,7673.0,8797.0,8069.0,9696.0,9243.0,8927.0,8316.0,7043.0,6792.0,7872.0,6240.0,7048.0,7583.0,9198.0,8701.0,9281.0,10116.0,10206.0,9524.0,8808.0,7555.0,6715.0,8421.0,6519.0,6704.0,7949.0,8926.0,9429.0,9192.0,10386.0,10252.0,9509.0,8533.0,7775.0,7225.0,8566.0,6498.0,7286.0,7820.0,9633.0,9268.0,9655.0,10710.0,10351.0,9649.0,8176.0,7565.0,7686.0,8694.0,6565.0,7206.0,7035.0,8218.0,8444.0,8437.0,9972.0,9543.0,8370.0,6071.0,6727.0,6717.0,7778.0,6750.0,8673.0,6741.0,6844.0,8798.0,10052.0,9929.0,8756.0,6771.0,7717.0,6352.0,6352.0,8024.0,5360.0,6124.0,6808.0,8912.0,8266.0,8996.0,9460.0,9742.0,8742.0,7988.0,6205.0,5624.0,7693.0,5105.0,5850.0,6566.0,8464.0,8434.0,8329.0,9507.0,9790.0,8312.0,7640.0,6093.0,5658.0,7479.0,5096.0,5994.0,7437.0,7974.0,8818.0,7757.0,9226.0,9489.0,8419.0,7730.0,5952.0,5578.0,7467.0,5091.0,5613.0,6406.0,7871.0,8575.0,8285.0,9262.0,9767.0,8417.0,7672.0,6292.0,5895.0,7441.0,5413.0,5867.0,6752.0,8539.0,7820.0,8785.0,9199.0,9569.0,8452.0,7671.0,6117.0,5682.0,7497.0,5410.0,5870.0,6504.0,8184.0,8434.0,8546.0,9473.0,9833.0,8772.0,7701.0,6221.0,5922.0,7578.0,5574.0,5997.0,7335.0,7516.0,9055.0,8433.0,9761.0,9965.0,8628.0,7856.0,6382.0,5764.0,7702.0,5270.0,6049.0,6871.0,8784.0,8590.0,8633.0,9405.0,9975.0,8830.0,8070.0,6622.0,6100.0,7776.0,5444.0,6211.0,7041.0,8682.0,8162.0,9262.0,9931.0,9857.0,9080.0,7064.0,5435.0,5560.0,7647.0,5572.0,6389.0,7409.0,7738.0,8615.0,8366.0,9829.0,9524.0,8541.0,8069.0,6248.0,5786.0,7680.0,4782.0,6081.0,6746.0,8119.0,8631.0,8669.0,8481.0,9661.0,8787.0,8602.0,6910.0,6364.0,7661.0,,,,,,,,,,,,,,,,,,,,,,,,,,,5986.0,6551.0,7631.0,8911.0,9082.0,9365.0,10717.0,10374.0,9718.0,8754.0,7097.0,6408.0,8382.0,6252.0,6633.0,7775.0,8626.0,9461.0,9946.0,10840.0,10689.0,9922.0,8744.0,7297.0,6703.0,8586.0,6295.0,6902.0,7807.0,9376.0,9384.0,9900.0,10594.0,10545.0,9959.0,7885.0,5391.0,3828.0,8160.0,5488.0,6591.0,7600.0,9108.0,9422.0,9495.0,10532.0,10364.0,9609.0,8627.0,7403.0,6749.0,8425.0,6046.0,6924.0,8111.0,8588.0,9882.0,9431.0,10728.0,10520.0,10009.0,8775.0,7041.0,6615.0,8562.0,6084.0,6851.0,6361.0,8581.0,9272.0,10060.0,10925.0,10492.0,9878.0,9302.0,7276.0,6294.0,8456.0,,,,,,,,,,,,,8456.0,,,,,,,,,,,,,8456.0,,,,,,,,,,,,,,,,,,,,,,,,,,,5917.0,7098.0,7824.0,9058.0,10079.0,10505.0,10555.0,10423.0,10533.0,9170.0,7486.0,6485.0,8768.0,6286.0,7305.0,8363.0,10041.0,9880.0,10511.0,10849.0,10480.0,10439.0,9285.0,7556.0,6571.0,8970.0
1,STABIO,TI,,,,,,,,,,,,,,,,,,,,,,,,,,,,,,,,,,,,,,,,,,,,,,,,,,,,,,,,,,,,,,,,,,,,,,,,,,,,,,,,,,,,,,,,,,,,,,,,,,,,,,,,,,,,,,,,,,,,,,,,,,,,,,,,,,,,,,,,,,,,,,,,5098.0,6088.0,5893.0,5236.0,5361.0,5925.0,7839.0,7289.0,6655.0,6878.0,4450.0,5247.0,6001.0,5354.0,5483.0,6049.0,5642.0,5137.0,5565.0,7964.0,7373.0,6657.0,6587.0,5181.0,5315.0,6033.0,4852.0,6398.0,5901.0,5979.0,5100.0,5966.0,7265.0,7242.0,6641.0,6438.0,4346.0,5200.0,5942.0,5202.0,6910.0,6774.0,5954.0,5957.0,6125.0,7611.0,8358.0,7883.0,6451.0,4926.0,5719.0,6490.0,5335.0,6905.0,6855.0,6611.0,6611.0,6507.0,7489.0,7597.0,6686.0,6611.0,6611.0,5520.0,6611.0,5962.0,7283.0,6704.0,6780.0,6199.0,6527.0,8182.0,8080.0,7992.0,7677.0,5750.0,6357.0,6957.0,6232.0,7127.0,7391.0,6642.0,6126.0,7354.0,8849.0,9343.0,9011.0,7671.0,5745.0,6227.0,7310.0,6107.0,7095.0,7763.0,7032.0,6161.0,7052.0,7845.0,8717.0,8031.0,7972.0,6200.0,6700.0,7223.0,6174.0,7887.0,8346.0,8145.0,7107.0,7543.0,8938.0,9159.0,8975.0,8571.0,7080.0,7564.0,7958.0,7588.0,8049.0,8498.0,8978.0,8384.0,8703.0,9131.0,7334.0,9281.0,9090.0,8704.0,8468.0,8517.0,7633.0,8489.0,8770.0,8974.0,8707.0,8828.0,9070.0,7503.0,9214.0,9243.0,9141.0,8606.0,8679.0,9129.0,8361.0,9287.0,9475.0,9285.0,9044.0,9239.0,9404.0,7730.0,9570.0,9542.0,9500.0,9122.0,8893.0,9519.0,10022.0,10032.0,9687.0,10036.0,9895.0,8294.0,10228.0,10392.0,10210.0,9605.0,9732.0,9761.0,10613.0,10434.0,10631.0,10518.0,10376.0,10642.0,8899.0,10908.0,10882.0,10565.0,9970.0,10345.0,10115.0,10321.0,10463.0,10887.0,10499.0,10815.0,11156.0,9216.0,11238.0,11602.0,11095.0,10650.0,10671.0,10343.0,11249.0,11315.0,11582.0,11032.0,11006.0,11791.0,9481.0,11714.0,11109.0,11053.0,10711.0,11034.0,10106.0,10721.0,10638.0,10800.0,10440.0,10895.0,11315.0,9112.0,11369.0,11180.0,11403.0,11075.0,10755.0,10413.0,11027.0,11735.0,11452.0,11399.0,11754.0,11296.0,11296.0,11296.0,11296.0,11296.0,11296.0,11296.0,10761.0,11580.0,12161.0,11877.0,12263.0,12154.0,12159.0,9635.0,12542.0,12709.0,12288.0,11273.0,11783.0,11255.0,12030.0,12213.0,12746.0,12424.0,12149.0,12575.0,10162.0,12570.0,12854.0,12284.0,11485.0,12058.0,11291.0,12561.0,12444.0,13209.0,12637.0,12833.0,13428.0,10472.0,13388.0,13464.0,12876.0,12600.0,12582.0,12300.0,12500.0,13300.0,13869.0,13590.0,13706.0,14394.0,11996.0,14260.0,14164.0,13975.0,13592.0,13473.0,13689.0,14521.0,14639.0,15224.0,14885.0,15086.0,15801.0,12602.0,15467.0,15799.0,15020.0,14482.0,14765.0,14012.0,14453.0,15276.0,15940.0,15741.0,16013.0,16438.0,13717.0,16587.0,16289.0,16096.0,15642.0,15516.0,14516.0,15537.0,15955.0,16642.0,16066.0,16487.0,16513.0,13804.0,16969.0,16820.0,16291.0,15555.0,15926.0,14472.0,16106.0,16707.0,16679.0,16951.0,16391.0,16842.0,14438.0,17273.0,16982.0,16950.0,16048.0,16316.0,12565.0,14151.0,14354.0,13985.0,14458.0,13926.0,14098.0,11984.0,14508.0,14108.0,14017.0,13215.0,13775.0,16032.0,17151.0,16763.0,17801.0,17346.0,17723.0,18283.0,14942.0,17882.0,18234.0,16962.0,16352.0,17117.0,15353.0,16277.0,16819.0,17341.0,17152.0,17150.0,17919.0,15103.0,18192.0,18314.0,17173.0,16170.0,16913.0,,,,,,,,,,,,,,16167.0,17538.0,18048.0,17997.0,18308.0,17796.0,18489.0,15922.0,18556.0,18382.0,17791.0,17343.0,17694.0,16492.0,17125.0,17954.0,17529.0,18010.0,18014.0,18509.0,15770.0,17984.0,18512.0,17800.0,16646.0,17528.0,16789.0,17137.0,17341.0,18135.0,17943.0,18227.0,18764.0,15676.0,18483.0,19077.0,18213.0,16975.0,17729.0,16573.0,17606.0,17629.0,18126.0,18096.0,17817.0,18258.0,15684.0,18554.0,18668.0,17756.0,17211.0,17661.0,16699.0,17229.0,17641.0,17915.0,17239.0,17435.0,18133.0,15731.0,18218.0,18149.0,17805.0,17154.0,17443.0,16132.0,17300.0,17492.0,18329.0,17792.0,18162.0,18125.0,15659.0,17970.0,17830.0,17616.0,16558.0,17408.0,16097.0,17189.0,17909.0,17522.0,17675.0,17711.0,17822.0,15600.0,18093.0,17902.0,17643.0,16093.0,17267.0,,,,,,,,,,,,,17267.0,16207.0,17008.0,17388.0,17890.0,18111.0,17631.0,18256.0,15603.0,18026.0,18154.0,17511.0,16656.0,17369.0,,,,,,,,,,,,,,,,,,,,,,,,,,,,,,,,,,,,,,,,,,,,,,,,,,,,
2,GRANCIA (AS),TI,,,,,,,,,,,,,,,,,,,,,,,,,,,,,,,,,,,,,,,,,,,,,,,,,,,,,,,,,,,,,,,,,,,,,,,,,,,,,,,,,,,,,,,,,,,,,,,,,,,,,,,,,,,,,,,,,,,,,,,,,,,,,,,,,,,,,,,,,,,,,,,,,,,,,,,,,,,,,,,,,,,,,,,,,,,,,,,,,,,,,,,,,,,,,,,,,,,,,,,,,,,,,,,,,,,,,,,,,,,,,,,,,,,,,,,,,,,,,,,,,,,,,,,,,,,,,,,,,,,,,,,,,,,,,,,,,,,,,,,,,,,,,,,,,,,,,,,,,,,,,,,,,,,,,,,,,,,,,,,,,,,,,,,,,,,,,,,,,,,,,,,,,,,,,,,,,,,,,,,,,,,,,,,,,,,,,,,,,,,,,,,,,,,,,,,,,,,,,,,,,,,,,,,,,,,,,,,,,,,,,,,,,,,,,,48697.0,51522.0,54024.0,60515.0,52867.0,52867.0,52867.0,52867.0,52867.0,52867.0,52456.0,49992.0,52867.0,46852.0,59399.0,59399.0,59399.0,59399.0,59399.0,59399.0,64028.0,67528.0,63648.0,57866.0,56477.0,59399.0,51293.0,54045.0,59087.0,62828.0,64929.0,64530.0,73538.0,63658.0,67907.0,64746.0,58129.0,54969.0,61682.0,49762.0,56293.0,59060.0,64326.0,65221.0,60576.0,71082.0,65278.0,69041.0,65850.0,60571.0,57181.0,62050.0,,,,,,,,,,,,,,55088.0,59104.0,60900.0,65972.0,65873.0,66571.0,75431.0,66753.0,70596.0,68458.0,59907.0,56532.0,64277.0,53145.0,57178.0,61220.0,67870.0,67248.0,67764.0,78348.0,70509.0,72371.0,71715.0,63162.0,58480.0,65799.0,54320.0,59073.0,63922.0,69192.0,68414.0,68732.0,79261.0,72089.0,73169.0,69193.0,62467.0,58829.0,66596.0,55878.0,61169.0,63789.0,69209.0,68154.0,70613.0,79416.0,70952.0,74702.0,70571.0,64325.0,62039.0,67568.0,57363.0,58818.0,64786.0,68491.0,69362.0,70277.0,79857.0,71386.0,74988.0,72752.0,65952.0,60411.0,67870.0,60399.0,60950.0,65669.0,71650.0,72167.0,73927.0,81324.0,74622.0,77753.0,74621.0,67214.0,63806.0,70394.0,60766.0,64851.0,66560.0,72366.0,72180.0,74586.0,81111.0,75181.0,78976.0,75963.0,67980.0,65641.0,71377.0,61738.0,64944.0,69253.0,75800.0,75521.0,76836.0,84730.0,77221.0,82411.0,77506.0,71695.0,67845.0,73833.0,62053.0,67167.0,70922.0,76046.0,77467.0,77959.0,84852.0,77723.0,82132.0,77673.0,70753.0,68073.0,74416.0,62834.0,67404.0,71877.0,76721.0,76058.0,77243.0,83767.0,78127.0,82660.0,78559.0,70768.0,64721.0,74256.0,64360.0,66904.0,68600.0,74231.0,76591.0,77379.0,84760.0,77170.0,81035.0,77605.0,70273.0,66346.0,73806.0,,,,,,,,,,,,,73806.0,,,,,,,,,,,,,,,,,,,,,,,,,,,,,,,,,,,,,,,,61290.0,65291.0,68586.0,73432.0,74057.0,75534.0,81374.0,77746.0,79115.0,74112.0,67037.0,64190.0,71846.0
3,CHIASSO-BROGEDA (AS),TI,,,,,,,,,,,,,,,,,,,,,,,,,,,,,,,,,,,,,,,,,,,,,,,,,,,,,,,,,,,,,,,,,,,,,,,,,,,,,,,,,,,,,,,,,,,,,,,,,,,,,,,,,,,,,,,,,,,,,,7176.0,7702.0,8907.0,9800.0,10300.0,11136.0,15478.0,12453.0,11129.0,9953.0,7920.0,7829.0,9982.0,6841.0,6991.0,7375.0,9622.0,8644.0,10289.0,13742.0,11144.0,10290.0,9424.0,7712.0,7971.0,9170.0,6534.0,7306.0,8484.0,10753.0,10206.0,11001.0,15697.0,11683.0,11035.0,9784.0,8160.0,8203.0,9922.0,6633.0,6386.0,8829.0,9370.0,10500.0,11100.0,15702.0,11293.0,10880.0,9260.0,7235.0,7329.0,9543.0,6403.0,7372.0,8114.0,11036.0,9645.0,11614.0,15652.0,13566.0,11734.0,9717.0,7847.0,7672.0,10047.0,6962.0,7503.0,8880.0,10834.0,10624.0,11693.0,16492.0,14060.0,12296.0,10545.0,8729.0,9135.0,10661.0,8265.0,8795.0,9509.0,12566.0,11495.0,12969.0,18034.0,15199.0,13585.0,11440.0,9184.0,8823.0,11674.0,8280.0,8973.0,10483.0,13728.0,12256.0,13103.0,19678.0,16009.0,14167.0,12489.0,9882.0,10476.0,12486.0,9263.0,9306.0,11794.0,13753.0,13478.0,14713.0,20772.0,17295.0,15955.0,14085.0,10310.0,9818.0,13409.0,9965.0,10335.0,12185.0,17197.0,16008.0,19202.0,23197.0,21568.0,20849.0,17874.0,15058.0,11995.0,16299.0,7166.0,9112.0,11238.0,14119.0,13621.0,15233.0,20344.0,17840.0,16371.0,13615.0,10740.0,10901.0,13385.0,9575.0,9206.0,12868.0,13870.0,15126.0,16023.0,22064.0,19673.0,17599.0,14899.0,11746.0,12168.0,14610.0,9806.0,10518.0,12328.0,16025.0,15876.0,18936.0,24259.0,20635.0,17800.0,16931.0,13488.0,13774.0,15901.0,17589.0,12000.0,12519.0,14827.0,17844.0,17510.0,18563.0,27082.0,21649.0,20952.0,18559.0,14522.0,17589.0,13511.0,13948.0,18518.0,15517.0,15517.0,15517.0,15517.0,15517.0,15517.0,15517.0,15517.0,16091.0,15517.0,14426.0,15033.0,17210.0,22037.0,19862.0,22653.0,27615.0,24707.0,23758.0,20275.0,16997.0,17515.0,20203.0,5914.0,6381.0,7262.0,7420.0,7466.0,7367.0,7371.0,7185.0,7872.0,7418.0,7071.0,6082.0,7069.0,16974.0,18138.0,20257.0,25529.0,23646.0,25249.0,30445.0,26726.0,25288.0,21429.0,20034.0,21496.0,22948.0,17964.0,17700.0,18091.0,22028.0,21102.0,22054.0,29805.0,25352.0,23484.0,20505.0,17107.0,17794.0,21109.0,16219.0,16279.0,19524.0,22073.0,22417.0,22910.0,30643.0,25439.0,24155.0,21646.0,17219.0,18133.0,21428.0,16095.0,16605.0,18143.0,23841.0,22493.0,24411.0,29042.0,26144.0,25257.0,22173.0,17939.0,17757.0,21687.0,16113.0,16451.0,19196.0,23714.0,23404.0,23723.0,29515.0,27794.0,24930.0,22088.0,18159.0,17992.0,21945.0,16463.0,17606.0,20833.0,22782.0,25333.0,23927.0,30588.0,29451.0,26008.0,22713.0,18416.0,18616.0,22769.0,18321.0,18088.0,21134.0,25182.0,27108.0,27648.0,34151.0,29797.0,27692.0,24596.0,20134.0,20576.0,24582.0,,,,,,,,,,,,,,,,,,,,,,,,,,,,,,,,,,,,,,,,28341.0,31339.0,32862.0,37588.0,37673.0,34534.0,43731.0,39289.0,40170.0,36500.0,34300.0,33000.0,35804.0,18533.0,19482.0,21799.0,26883.0,25339.0,28858.0,33673.0,29423.0,29127.0,24785.0,20404.0,20549.0,24919.0,,,,,,,,,,,,,,,,,,,,,,,,,,,,,,,,,,,,,,,,,,,,,,,,,,,,,38894.0,38908.0,43219.0,46605.0,47402.0,48452.0,53871.0,49599.0,50168.0,48275.0,44167.0,41647.0,45933.0,,,,,,,,,,,,,,,,,,,,,,,,,,,,,,,,,,,,,,,,,,,,,,,,,,,,,43723.0,45498.0,48359.0,53248.0,51829.0,54637.0,60909.0,55582.0,58124.0,54665.0,48744.0,46278.0,51831.0,,,,,,,,,,,,,51831.0,45494.0,45669.0,48061.0,53405.0,52199.0,56092.0,60737.0,55270.0,57298.0,53933.0,46698.0,46892.0,51846.0,45385.0,42973.0,17085.0,10965.0,18926.0,34629.0,48900.0,47425.0,52644.0,43396.0,27476.0,24926.0,34549.0,23162.0,28472.0,28073.0,30054.0,36051.0,42491.0,47624.0,46686.0,46404.0,43118.0,39798.0,38434.0,37582.0,34015.0,41255.0,41649.0,45784.0,48056.0,53419.0,60057.0,54892.0,56568.0,47706.0,42844.0,44181.0,47564.0,42696.0,45245.0,43900.0,46657.0,49723.0,53653.0,60578.0,56871.0,52923.0,47439.0,42577.0,44722.0,48945.0
4,MONTE CENERI (AS),TI,,,,,,,,,,,,,,,,,,,,,,,,,,,,,,,,,,,,,,,,,,,,,,,,,,,,,,,,,,,,,,,,,,,,,,,,,,,,,,,,,,,,,,,,,,,,,,,,,,,,,,,,,,,,,,,,,,,,,,,,,,,,,,,,,,,,,,,,,,,,,,,,17124.0,12298.0,13967.0,8698.0,17124.0,19290.0,27786.0,23169.0,20637.0,18651.0,13850.0,12894.0,17124.0,10292.0,10529.0,16774.0,17018.0,18928.0,19789.0,29242.0,23761.0,22009.0,19770.0,15175.0,13125.0,18091.0,11490.0,1376.0,16000.0,21991.0,19300.0,21316.0,27994.0,26903.0,23131.0,19704.0,15147.0,13737.0,18253.0,12236.0,14110.0,15825.0,21177.0,20918.0,20942.0,31562.0,27143.0,25523.0,22419.0,16351.0,15673.0,20350.0,14361.0,15956.0,17661.0,24817.0,21683.0,25334.0,34343.0,31742.0,26186.0,23760.0,18055.0,14709.0,22424.0,15514.0,17347.0,19711.0,27111.0,24430.0,24920.0,35684.0,32492.0,27741.0,25264.0,18504.0,18205.0,23957.0,17206.0,16993.0,22215.0,25717.0,25500.0,26069.0,36500.0,33500.0,29985.0,27898.0,20521.0,17127.0,24936.0,17138.0,18401.0,21029.0,28793.0,23849.0,28604.0,35747.0,34728.0,30500.0,28000.0,21000.0,18000.0,25482.0,11674.0,14931.0,17694.0,23200.0,22414.0,24000.0,32000.0,30101.0,26345.0,22880.0,17086.0,16330.0,21555.0,15500.0,15000.0,20500.0,21459.0,24974.0,25665.0,34993.0,33705.0,29255.0,26496.0,20122.0,19028.0,23891.0,17360.0,18676.0,21461.0,29039.0,25987.0,29526.0,37200.0,35172.0,28281.0,27329.0,21874.0,20891.0,26115.0,25709.0,19582.0,20954.0,24599.0,29182.0,28847.0,29232.0,35248.0,31326.0,26697.0,24312.0,19562.0,25709.0,18292.0,18680.0,24967.0,24591.0,26640.0,26007.0,35443.0,31577.0,29468.0,29360.0,23139.0,22804.0,25975.0,5874.0,8652.0,6704.0,6772.0,8220.0,8176.0,8535.0,8882.0,8628.0,8370.0,6308.0,5630.0,7499.0,2104.0,2171.0,2665.0,3014.0,3115.0,3780.0,5087.0,6694.0,4686.0,3652.0,2888.0,2420.0,3533.0,26281.0,25311.0,27175.0,33664.0,30888.0,32358.0,40475.0,39051.0,34888.0,31489.0,26076.0,26315.0,31020.0,24534.0,25222.0,27026.0,33468.0,32145.0,32627.0,42487.0,40019.0,36056.0,31369.0,26905.0,26659.0,31587.0,25044.0,26196.0,30636.0,33319.0,33757.0,33822.0,44096.0,41064.0,32433.0,33856.0,27692.0,27281.0,32892.0,25181.0,26313.0,26311.0,33421.0,31223.0,32940.0,39481.0,37779.0,36271.0,34726.0,26478.0,24841.0,31276.0,23748.0,24781.0,29570.0,36413.0,36253.0,36568.0,44619.0,40089.0,38336.0,35317.0,30020.0,26872.0,33577.0,24301.0,27180.0,30915.0,32974.0,35195.0,33925.0,42215.0,42400.0,37593.0,34705.0,28322.0,27695.0,33166.0,26170.0,26394.0,30872.0,35380.0,37274.0,38705.0,47346.0,44292.0,40712.0,38267.0,30262.0,29491.0,35496.0,29342.0,30058.0,32496.0,38120.0,37383.0,40205.0,45524.0,45227.0,41163.0,38357.0,31900.0,30679.0,36747.0,29219.0,30332.0,32196.0,38458.0,37974.0,38788.0,47476.0,44565.0,41801.0,38022.0,31936.0,31244.0,36860.0,29093.0,30477.0,34245.0,36313.0,39410.0,38131.0,46620.0,44657.0,43578.0,40418.0,32119.0,30489.0,37179.0,27609.0,31318.0,32841.0,38393.0,37580.0,33740.0,45330.0,46012.0,43500.0,38743.0,32756.0,32292.0,36715.0,27893.0,29471.0,32553.0,38054.0,36656.0,39255.0,46737.0,43129.0,41355.0,36495.0,30207.0,29451.0,35959.0,8583.0,10201.0,10902.0,11860.0,11325.0,11639.0,12295.0,11892.0,12385.0,12570.0,10895.0,9602.0,11179.0,,,,,,,,,,,,,,34441.0,37339.0,41088.0,47116.0,47393.0,47482.0,59443.0,57024.0,51677.0,47266.0,39631.0,37484.0,45674.0,36064.0,39553.0,41545.0,47775.0,46388.0,50545.0,59583.0,56040.0,52906.0,49581.0,41058.0,39491.0,46710.0,36745.0,38243.0,42510.0,46902.0,48087.0,49801.0,60052.0,57134.0,53892.0,48752.0,41773.0,39050.0,46911.0,37919.0,38805.0,43237.0,46783.0,48665.0,50792.0,61156.0,58916.0,54035.0,49442.0,42607.0,40570.0,47809.0,38445.0,40883.0,43527.0,50590.0,49325.0,52350.0,59597.0,59571.0,55706.0,51276.0,43678.0,42422.0,48996.0,39807.0,41866.0,45227.0,51182.0,51579.0,53446.0,62913.0,61220.0,57957.0,53301.0,46406.0,44524.0,50843.0,40190.0,43493.0,48143.0,51563.0,54780.0,54083.0,64890.0,62150.0,59199.0,54428.0,46285.0,45193.0,52072.0,40962.0,44547.0,47724.0,54726.0,52801.0,57176.0,65424.0,62836.0,60620.0,56017.0,47001.0,43688.0,52838.0,,,,,,,,,,,,,52838.0,,,,,,,,,,,,,52838.0,,,,,,,,,,,,,,30166.0,35667.0,38475.0,40364.0,44809.0,50167.0,59749.0,65245.0,61339.0,56383.0,46135.0,42835.0,47689.0,38037.0,46632.0,46743.0,55273.0,55200.0,60687.0,68299.0,66848.0,63293.0,57105.0,48019.0,46665.0,54437.0,,,,,,,,,,,,,
5,BIASCA S (AS),TI,,,,,,,,,,,,,,,,,,,,,,,,,,,,,,,,,,,,,,,,,,,,,,,,,,,,,,,,,,,,,,,,,,,,,,,,,,,,,,,,,,,,,,,,,,,,,,,,,,,,,,,,,,,,,,,,,,,,,,,,,,,,,,,,,,,,,,,,,,,,,,,,,,,,,,,,,,,,,,,,,,,,,,,,,,,,,,,,,,,,,,,,,,,,,,,,,,,,,,,,,,,,,,,,,,,,,,,,,,,,,,,,,,,,,,,,,,,,,,,,,,,,,,,,,,,,,,,,,,,,,18612.0,18612.0,18612.0,18612.0,16938.0,18381.0,25968.0,24623.0,19802.0,18708.0,12773.0,11708.0,18612.0,10089.0,10616.0,13001.0,20167.0,18295.0,22198.0,28714.0,24818.0,13330.0,19286.0,14002.0,13297.0,17372.0,19250.0,11800.0,11500.0,14500.0,19255.0,19330.0,20661.0,31723.0,29315.0,25069.0,20718.0,13831.0,19250.0,12631.0,13373.0,18817.0,18781.0,22000.0,21500.0,32433.0,29554.0,26088.0,22287.0,15510.0,15294.0,20689.0,15035.0,18148.0,19461.0,18425.0,17055.0,18465.0,22205.0,22726.0,20366.0,19186.0,15255.0,15000.0,18444.0,27607.0,28502.0,32226.0,33865.0,33844.0,34711.0,34010.0,35770.0,37021.0,35343.0,32220.0,29274.0,32885.0,14499.0,14941.0,17353.0,22996.0,21610.0,23408.0,31134.0,31175.0,25414.0,21962.0,16971.0,16633.0,21536.0,14960.0,15480.0,17224.0,23576.0,23197.0,24063.0,33646.0,32624.0,26625.0,21682.0,17620.0,17022.0,22359.0,15563.0,16388.0,20258.0,23484.0,23947.0,25174.0,34303.0,33289.0,27493.0,24691.0,18439.0,17956.0,23471.0,15512.0,17386.0,19031.0,26227.0,24158.0,26485.0,34424.0,33960.0,28765.0,26041.0,18826.0,17807.0,24095.0,16481.0,17255.0,20647.0,25719.0,25461.0,27023.0,34759.0,35768.0,29647.0,26050.0,19630.0,17993.0,24735.0,16271.0,18595.0,22863.0,25315.0,27049.0,26579.0,35911.0,36803.0,30290.0,26600.0,19500.0,18853.0,25441.0,28265.0,28265.0,28265.0,28265.0,28265.0,29492.0,37641.0,35035.0,29742.0,27409.0,19599.0,18940.0,28265.0,17638.0,17767.0,22922.0,27670.0,28068.0,32129.0,37808.0,37731.0,31687.0,28024.0,21278.0,20506.0,26997.0,18904.0,20226.0,21799.0,27614.0,28074.0,29427.0,38074.0,37716.0,32338.0,27886.0,21411.0,20782.0,27051.0,19239.0,19726.0,23538.0,25624.0,29796.0,29750.0,39850.0,34609.0,31184.0,28507.0,21348.0,20124.0,27000.0,18311.0,19926.0,21852.0,28157.0,28398.0,15744.0,37858.0,37409.0,32215.0,28599.0,21918.0,21404.0,26048.0,17638.0,18743.0,21823.0,26381.0,25282.0,29332.0,37751.0,34670.0,31667.0,26187.0,19670.0,19500.0,25747.0,19662.0,21702.0,24672.0,26455.0,29088.0,30352.0,39423.0,39057.0,31689.0,28626.0,21247.0,20735.0,27762.0,19449.0,19859.0,23281.0,28534.0,29725.0,31541.0,41272.0,40951.0,33379.0,30334.0,22279.0,21505.0,28576.0,19582.0,20868.0,23825.0,29429.0,30258.0,31508.0,42768.0,41181.0,34105.0,30186.0,22805.0,21200.0,29038.0,20650.0,22329.0,24435.0,30043.0,29349.0,33751.0,42746.0,40462.0,34709.0,30977.0,23523.0,22852.0,29652.0,20939.0,21410.0,24971.0,28892.0,29537.0,32730.0,42402.0,40776.0,35022.0,30229.0,23884.0,22643.0,29452.0,21603.0,21508.0,25033.0,28511.0,30672.0,33600.0,42596.0,42304.0,35654.0,30498.0,24435.0,23542.0,30060.0,21475.0,22265.0,25288.0,30243.0,30290.0,33838.0,39712.0,41493.0,35425.0,30379.0,21054.0,24184.0,29692.0,21873.0,22753.0,25661.0,30328.0,32016.0,32671.0,42096.0,41531.0,35296.0,31841.0,25477.0,24827.0,30590.0,,,,,,,,,,,,,,21785.0,23642.0,26002.0,31962.0,30799.0,35375.0,43465.0,42244.0,36668.0,33772.0,28455.0,23701.0,31536.0,22189.0,23411.0,26069.0,30260.0,32613.0,34757.0,43119.0,42237.0,37062.0,31685.0,24903.0,24928.0,31159.0,22953.0,23693.0,26721.0,30813.0,30195.0,35910.0,42357.0,41509.0,36076.0,32374.0,24511.0,25474.0,31101.0,23640.0,23656.0,12834.0,9228.0,18401.0,27372.0,40086.0,40566.0,37747.0,30244.0,21379.0,18733.0,25348.0,17606.0,21886.0,23581.0,26411.0,30214.0,34163.0,43682.0,46698.0,39714.0,35680.0,25979.0,23955.0,30862.0,21571.0,25177.0,25912.0,32091.0,32852.0,37945.0,45841.0,45091.0,39246.0,34582.0,26029.0,25406.0,32694.0,,,,,,,,,,,,,
6,MENDRISIO S (AS),TI,,,,,,,,,,,,,,,,,,,,,,,,,,,,,,,,,,,,,,,,,,,,,,,,,,,,,,,,,,,,,,,,,,,,,,,,,,,,,,,,,,,,,,,,,,,,,,,,,,,,,,,,,,,,,,,,,,,,,,,,,,,,,,,,,,,,,,,,,,,,,,,,,,,,,,,,,,,,,,,,,,,,,,,,,,,,,,,,,,,,,,,,,,,,,,,,,,,,,,,,,,,,,,,,,,,,,,,,,,,,,,,,,,,,,,,,,,,,,,,,,,,,,,,,,,,,,,,,,,,,,,,,,,,,,,,,,,,,,,,,,,,,,,,,,,,,,,,,,,,,,,,,,,,,,,,,,,,,,,,,,,,,,,,,,,,,,,,,,,,,,,,,,,,,,,,,32213.0,32779.0,36972.0,38456.0,36947.0,38285.0,44654.0,38219.0,40234.0,36901.0,33900.0,34110.0,36724.0,31493.0,32182.0,36673.0,38404.0,39170.0,39120.0,46287.0,39187.0,41639.0,39013.0,34429.0,34724.0,37731.0,31618.0,33186.0,35110.0,40326.0,40229.0,41445.0,45359.0,40085.0,42960.0,40589.0,36176.0,34602.0,38498.0,32697.0,33680.0,37118.0,42021.0,42321.0,41939.0,48438.0,43768.0,44779.0,42144.0,37438.0,36084.0,40223.0,33057.0,35846.0,39037.0,42880.0,43689.0,42101.0,48950.0,44252.0,44791.0,42001.0,36832.0,36615.0,40870.0,34244.0,34945.0,39273.0,43384.0,44982.0,45823.0,52868.0,41943.0,42182.0,42182.0,42182.0,42182.0,42182.0,37307.0,39890.0,42271.0,48013.0,47085.0,48741.0,52131.0,46617.0,48856.0,47184.0,41792.0,40422.0,45048.0,38215.0,39137.0,41707.0,47317.0,47032.0,46423.0,51687.0,46930.0,49281.0,46477.0,42059.0,42608.0,44923.0,40301.0,42651.0,46835.0,49814.0,51467.0,51003.0,56628.0,49975.0,53222.0,50757.0,45482.0,43765.0,48524.0,39822.0,44212.0,46416.0,50912.0,51281.0,47449.0,56135.0,50960.0,53847.0,51764.0,47507.0,45767.0,48865.0,41563.0,41563.0,40822.0,45154.0,41563.0,41563.0,41563.0,41563.0,41563.0,41563.0,40364.0,39912.0,41563.0,,,,,,,,,,,,,,,,,,,,,,,,,,,,,,,,,,,,,,,,45225.0,47951.0,50400.0,55411.0,54345.0,57326.0,64712.0,56552.0,59885.0,57037.0,51220.0,50541.0,54217.0,45740.0,46182.0,51078.0,54534.0,56653.0,56983.0,64140.0,56516.0,58400.0,56399.0,53265.0,49411.0,54108.0,,,,,,,,,,,,,,,,,,,,,,,,,,,,,,,,,,,,,,,,,,,,,,,,,,,,,,,,,,,,,,,,,,,,,,,,,,,,,,,,,,,,,,,,,,,,47842.0,42827.0,19202.0,13384.0,22216.0,38029.0,52200.0,48602.0,52044.0,42757.0,29855.0,26446.0,36280.0,,,,,,,,,,,,,,39277.0,47585.0,48402.0,53031.0,54574.0,59262.0,65599.0,60822.0,63068.0,55989.0,50134.0,49902.0,53997.0,,,,,,,,,,,,,
7,MOLENO N (AB),TI,,,,,,,,,,,,,,,,,,,,,,,,,,,,,,,,,,,,,,,,,,,,,,,,,,,,,,,,,,,,,,,,,,,,,,,,,,,,,,,,,,,,,,,,,,,,,,,,,,,,,,,,,,,,,,,,,,,,,,,,,,,,,,,,,,,,,,,,,,,,,,,,22172.0,27560.0,30235.0,31316.0,32439.0,32028.0,30797.0,33358.0,34077.0,34189.0,31458.0,29940.0,30797.0,27102.0,26839.0,32824.0,34047.0,34380.0,33933.0,33561.0,34240.0,35075.0,34152.0,33259.0,30313.0,32506.0,24388.0,27493.0,33600.0,35928.0,35214.0,35291.0,33308.0,35422.0,36609.0,36108.0,34250.0,30945.0,33213.0,,,,,,,,,,,,,,31071.0,34775.0,38750.0,41817.0,39853.0,39970.0,36557.0,38781.0,41265.0,41747.0,40057.0,35324.0,38333.0,32872.0,36465.0,41203.0,43744.0,41790.0,37771.0,37317.0,45038.0,45517.0,45209.0,42493.0,39998.0,40803.0,33329.0,33834.0,43330.0,44216.0,45020.0,43565.0,41465.0,46592.0,47326.0,46500.0,44451.0,41398.0,42586.0,36878.0,39100.0,43871.0,46660.0,46668.0,47660.0,44840.0,49015.0,49499.0,49433.0,47446.0,42438.0,45299.0,48898.0,48898.0,48898.0,46480.0,48898.0,48743.0,46750.0,50870.0,52656.0,52310.0,47644.0,45732.0,48898.0,41435.0,42700.0,48709.0,52377.0,52484.0,52948.0,49751.0,53842.0,54700.0,55300.0,55129.0,47660.0,50320.0,43000.0,47000.0,51612.0,55804.0,53764.0,54355.0,52768.0,55470.0,56064.0,57000.0,53883.0,50445.0,52597.0,57467.0,47586.0,47983.0,52184.0,58212.0,60819.0,61663.0,58609.0,60292.0,63280.0,63000.0,59931.0,57467.0,53680.0,56804.0,60771.0,62000.0,61103.0,66054.0,63252.0,64045.0,67513.0,66668.0,64776.0,59566.0,62186.0,33500.0,35320.0,35676.0,33836.0,35996.0,36067.0,31851.0,34360.0,35369.0,35891.0,37193.0,30741.0,34650.0,57802.0,57451.0,65071.0,68799.0,68577.0,71065.0,74882.0,77052.0,75128.0,71032.0,64597.0,60786.0,67747.0,67468.0,61641.0,66669.0,69602.0,69896.0,70452.0,63964.0,68290.0,70915.0,69689.0,67587.0,63452.0,67468.0,60179.0,62048.0,66009.0,69836.0,69711.0,71804.0,68661.0,67387.0,72231.0,71619.0,69162.0,65455.0,67858.0,62566.0,64886.0,71103.0,70381.0,71255.0,72205.0,67946.0,70206.0,74980.0,72790.0,71965.0,68633.0,69924.0,61015.0,67024.0,69946.0,71630.0,72624.0,74311.0,70043.0,71924.0,75241.0,73476.0,72960.0,65880.0,70502.0,64873.0,65872.0,73140.0,73498.0,74684.0,74985.0,70472.0,73347.0,78132.0,77143.0,75444.0,69538.0,72599.0,65804.0,72197.0,76477.0,79562.0,78210.0,80437.0,76335.0,78145.0,81141.0,80853.0,79161.0,74395.0,76897.0,72871.0,69631.0,83214.0,83826.0,84175.0,88165.0,85046.0,87305.0,90094.0,87595.0,83581.0,80757.0,83095.0,78962.0,82379.0,90129.0,91774.0,92285.0,93346.0,89898.0,91112.0,95944.0,94934.0,92823.0,86445.0,90027.0,80152.0,86314.0,92775.0,92804.0,92787.0,96815.0,90066.0,92956.0,96815.0,94391.0,93326.0,88800.0,91491.0,85343.0,86984.0,94232.0,98564.0,97824.0,100261.0,96122.0,96619.0,99574.0,97768.0,95790.0,90462.0,94988.0,86319.0,89825.0,92880.0,95556.0,98521.0,100187.0,94545.0,98397.0,102599.0,100900.0,99853.0,93451.0,96100.0,77374.0,81600.0,86105.0,86181.0,88573.0,87580.0,85633.0,87956.0,90469.0,88841.0,87827.0,82749.0,85908.0,19754.0,21783.0,24757.0,26536.0,29174.0,30458.0,39549.0,38718.0,31261.0,28497.0,21087.0,20844.0,27738.0,19566.0,19986.0,23406.0,28675.0,29844.0,31672.0,41653.0,41117.0,33500.0,30525.0,22417.0,21628.0,28733.0,19684.0,20993.0,23948.0,29486.0,30354.0,31631.0,42901.0,41319.0,34267.0,30333.0,22942.0,21302.0,29158.0,91927.0,97825.0,102375.0,103011.0,104183.0,105057.0,102420.0,105926.0,109251.0,104363.0,104673.0,97144.0,102346.0,21039.0,21527.0,25094.0,29015.0,29652.0,32852.0,42534.0,40851.0,35157.0,30381.0,24051.0,22754.0,29575.0,21712.0,21617.0,25152.0,28652.0,30779.0,33731.0,42749.0,42474.0,35806.0,30658.0,24572.0,23659.0,30194.0,,,,,,,,,,,,,,21987.0,22875.0,25768.0,30464.0,32157.0,32796.0,42194.0,41935.0,35456.0,32020.0,25606.0,24930.0,30742.0,21771.0,23351.0,27096.0,29526.0,32835.0,33087.0,43082.0,44729.0,36349.0,32032.0,24514.0,24936.0,31154.0,21694.0,23524.0,25878.0,31832.0,31419.0,35412.0,43151.0,42055.0,36537.0,33154.0,25288.0,23592.0,31178.0,22109.0,23310.0,25976.0,30122.0,32406.0,34576.0,42920.0,42043.0,36879.0,31541.0,24797.0,24812.0,31014.0,22847.0,23538.0,26567.0,30601.0,30013.0,35773.0,41949.0,41398.0,35927.0,32017.0,24662.0,25263.0,30931.0,23451.0,23540.0,12790.0,9262.0,17891.0,27485.0,40360.0,40363.0,37492.0,30316.0,21212.0,18646.0,25258.0,17528.0,21793.0,23411.0,26344.0,30115.0,34146.0,43160.0,46423.0,39488.0,35589.0,25903.0,24049.0,30726.0,21553.0,24920.0,25834.0,31843.0,32623.0,37733.0,45333.0,44863.0,39155.0,34121.0,24727.0,25182.0,32373.0,23309.0,25011.0,26133.0,33083.0,33222.0,36380.0,44728.0,44842.0,37614.0,33634.0,26432.0,26273.0,32608.0
8,CAMIGNOLO (AS),TI,,,,,,,,,,,,,,,,,,,,,,,,,,,,,,,,,,,,,,,,,,,,,,,,,,,,,,,,,,,,,,,,,,,,,,,,,,,,,,,,,,,,,,,,,,,,,,,,,,,,,,,,,,,,,,,,,,,,,,,,,,,,,,,,,,,,,,,,,,,,,,,,,,,,,,,,,,,,,,,,,,,,,,,,,,,,,,,,,,,,,,,,,,,,,,,,,,,,,,,,,,,,,,,,,,,,,,,,,,,,,,,,,,,,,,,,,,,,,,,,,,,,,,,,,,,,,,,,,,,,,,,,,,,,,,,,,,,,,,,,,,,,,,,,,,,,,,,,,,,,,,,,,,,,,,,,,,,,,,,,,,,,,,,,,,,,,,,,,,,,,,,,,,,,,,,,,,,,,,,,,,,,,,,,,,,,,,,,,,,,,,,,,,,,,,,,,,,,,,,,,,,,,,,,,,,,,,,,,,,,,,,,,,,,,,,,,,,,,,,,,,,,,,,,,,,,,,,,,,,,,,,,,,,,,,,,,,,,,,,,,,,,,,,,,,,,,,,38283.0,42220.0,44738.0,48320.0,50175.0,50096.0,59936.0,57927.0,53488.0,50474.0,41463.0,39583.0,48087.0,37797.0,40069.0,43966.0,50717.0,51413.0,52030.0,62678.0,60970.0,55610.0,52930.0,43056.0,40876.0,49408.0,38165.0,41180.0,45877.0,52096.0,52320.0,52240.0,64275.0,62063.0,56964.0,52735.0,44181.0,41563.0,50368.0,,,,,,,,,,,,,,40753.0,42389.0,47935.0,52082.0,52992.0,54650.0,64965.0,62129.0,59182.0,54849.0,47372.0,43480.0,51898.0,42932.0,43594.0,48608.0,53326.0,53909.0,49809.0,62615.0,62259.0,60229.0,55563.0,48344.0,45526.0,52290.0,27100.0,29169.0,30632.0,32339.0,31385.0,31505.0,33120.0,31089.0,32414.0,32563.0,29863.0,29815.0,30924.0,27773.0,29240.0,31647.0,33739.0,33611.0,33615.0,35873.0,32276.0,34228.0,33340.0,31449.0,30734.0,32308.0,27471.0,29782.0,31372.0,33853.0,33366.0,33618.0,35308.0,33456.0,35122.0,33940.0,31456.0,31065.0,32488.0,28239.0,30399.0,32858.0,34248.0,34116.0,35004.0,36174.0,33463.0,34899.0,34273.0,31251.0,29202.0,32853.0,47312.0,49665.0,53690.0,58699.0,59870.0,61350.0,69660.0,66830.0,64839.0,59496.0,51831.0,49787.0,57803.0,28778.0,30091.0,31358.0,33094.0,33133.0,33164.0,34977.0,31840.0,33683.0,33393.0,30030.0,29556.0,31934.0,51057.0,51078.0,27017.0,18055.0,33324.0,48635.0,63134.0,61993.0,64575.0,55600.0,41728.0,36276.0,46042.0,35394.0,41486.0,44932.0,47262.0,51911.0,57578.0,68783.0,71051.0,67223.0,61903.0,51178.0,47006.0,53888.0,42429.0,50351.0,51331.0,59559.0,59474.0,64566.0,71888.0,70384.0,67537.0,60964.0,51858.0,49506.0,58358.0,47401.0,50595.0,54142.0,61195.0,60785.0,63360.0,71066.0,70424.0,66985.0,61150.0,52042.0,50443.0,59183.0
9,QUINTO (AS),TI,,,,,,,,,,,,,,,,,,,,,,,,,,,,,,,,,,,,,,,,,,,,,,,,,,,,,,,,,,,,,,,,,,,,,,,,,,,,,,,,,,,,,,,,,,,,,,,,,,,,,,,,,,,,,,,,,,,,,,,,,,,,,,,,,,,,,,,,,,,,,,,,,,,,,,,,,,,,,,,,,,,,,,,,,,,,,,,,,,,,,,,,,,,,,,,,,,,,,,,,,,,,,,,,,,,,,,,,,,,,,,,,,,,,,,,,,,,,,,,,,,,,,,,,,,,,,,,,,,,,,,,,,,,,,,,,,,,,,,,,,,,,,,,,,,,,,,,,,,,,,,,,,,,,,,,,,,,,,,,,,,,,,,,,,,,,,,,,,,,,,,,,,,,,,,,,,,,,,,,,,,,,,,,,,,,,,,,,,,,,,,,,,,,,,,,,,,,,,,,,,,,,,,,,,,,,,,,,,,,,,,,,,,,,,,,,,,,,,,,,,,,,,,,,,,,,,,,,,,,,,,,,,,,,,,,,,,,,,,,,,,,,,,,,,,,,,,,,,,,,,,,,,,,,11556.0,11649.0,14793.0,19632.0,20199.0,21946.0,30283.0,29115.0,22514.0,20158.0,13724.0,13254.0,19125.0,11240.0,12361.0,14957.0,20055.0,20992.0,21576.0,30612.0,28680.0,22651.0,19860.0,13891.0,12669.0,19180.0,12184.0,13371.0,15239.0,20030.0,19616.0,23598.0,31037.0,27987.0,23356.0,20530.0,14261.0,13889.0,19591.0,12371.0,12522.0,15824.0,19540.0,19921.0,22489.0,30484.0,28445.0,23661.0,19316.0,14266.0,13522.0,19363.0,12528.0,12543.0,15901.0,18897.0,21067.0,22639.0,30124.0,29449.0,23915.0,19624.0,14649.0,14382.0,19697.0,12673.0,12950.0,15666.0,20194.0,20405.0,23455.0,28187.0,28812.0,22815.0,19929.0,14248.0,14709.0,19550.0,12651.0,13231.0,15713.0,19959.0,21381.0,21488.0,29208.0,29215.0,23037.0,20272.0,14752.0,14927.0,19704.0,12538.0,13501.0,16898.0,18954.0,21749.0,21630.0,30212.0,28788.0,23514.0,20450.0,14132.0,15046.0,19821.0,,,,,,,,,,,,,,,,,,,,,,,,,,,,,,,,,,,,,,,,,,,,,,,,,,,,,,,,,,,,,,,,,,,,,,,,,,,,,,,,,,,,,,,,,,,
10,MAGADINO,TI,,,,,,,,,,,,,,,,,,,,,,,,,,,,,,,,,,,,,,,,,,,,,,,,,,,,,,,,,,,,,,,,,,,,,,,,,,,,,,,,,,,,,,,,,,,,,,,,,,,,,,,,,,,,,,,,,,,,,,,,,,,,,,,,,,,,,,,,,,,,,,,,,,,,,,,,,,,,,,,,,,,,,,,,,,,,,,,,,,,,,,,,,,,,,,,,,,,,,,,,,,,,,,,,,,,,,,,,,,,,,,,,,,,,,,,,,,,,,,,,,,,,,,,,,,,,,,,,,,,,,,,,,,,,,,,,,,,,,,,,,,,,,,,,,,,,,,,,,,,,,,,,,,,,,,,,,,,,,,,,,,,,,,,,,,,,,,,,,,,,,,,,,,,,,,,,,,,,,,,,,,,,,,,,,,,,,,,,,,,,,,,,,,,,,,,,,,,,,,,,,,,,,,,,,,,,,,,,,,,,,,,,,,,,,,,,,,,,,,,,,,,,,,,,,,,,,,,,,,,,,,,,,,,,,,,,,,,,,,,,,,,,,,,,,,,,,,,,,,,,,,,,,,,,,,,,,,,,,,,,,6297.0,7144.0,8180.0,9824.0,9614.0,9969.0,12323.0,11163.0,10222.0,9421.0,7668.0,7128.0,9092.0,6459.0,7824.0,8548.0,10418.0,10005.0,10286.0,11856.0,11306.0,10452.0,9846.0,7978.0,7369.0,9362.0,6669.0,7412.0,8683.0,9640.0,9880.0,10100.0,12023.0,11027.0,10180.0,9923.0,8109.0,7333.0,9248.0,7127.0,7656.0,8682.0,9870.0,10134.0,10889.0,12291.0,10905.0,10651.0,9868.0,8386.0,7723.0,9526.0,7287.0,7950.0,8800.0,10536.0,10299.0,10705.0,11999.0,10707.0,10740.0,10084.0,8417.0,8491.0,9677.0,7482.0,8026.0,9032.0,10810.0,10389.0,10823.0,12471.0,10790.0,10554.0,10098.0,8913.0,8070.0,9798.0,7234.0,8330.0,9529.0,10159.0,10495.0,10712.0,12177.0,11282.0,11094.0,10235.0,8655.0,8225.0,9849.0,7372.0,8500.0,9993.0,11118.0,10700.0,11188.0,12418.0,11304.0,10948.0,10938.0,9157.0,7822.0,10129.0,,,,,,,,,,,,,10129.0,,,,,,,,,,,,,10129.0,,,,,,,,,,,,,,,,,,,,,,,,,,,,,,,,,,,,,,,,,,,,,,,,,,,,
11,SOLDUNO N,TI,,,,,,,,,,,,,,,,,,,,,,,,,,,,,,,,,,,,,,,,,,,,,,,,,,,,,,,,,,,,,,,,,,,,,,,,,,,,,,,,,,,,,,,,,,,,,,,,,,,,,,,,,,,,,,,,,,,,,,,,,,,,,,,,,,,,,,,,,,,,,,,,,,,,,,,,,,,,,,,,,,,,,,,,,,,,,,,,,,,,,,,,,,,,,,,,,,,,,,,,,,,,,,,,,,,,,,,,,,,,,,,,,,,,,,,,,,,,,,,,,,,,,,,,,,,,,,,,,,,,,,,,,,,,,,,,,,,,,,,,,,,,,,,,,,,,,,,,,,,,,,,,,,,,,,,,,,,,,,,,,,,,,,,,,,,,,,,,,,,,,,,,,,,,,,,,,,,,,,,,,,,,,,,,,,,,,,,,,,,,,,,,,,,,,,,,,,,,,,,,,,,,,,,,,,,,,,,,,,,,,,,,,,,,,,,,,,,,,,,,,,,,,,,,,,,,,,,,,,,,,,,,,,,,,,,,,,,,,,,,,,,,,,,,,,,,,,,,,,,,,,,,,,,,,,,,,,,,,,,,,,,,,,,,,,,,,,9885.0,11295.0,11656.0,13591.0,13396.0,13309.0,15055.0,14663.0,13680.0,13355.0,11592.0,11156.0,12719.0,10045.0,10866.0,12168.0,12835.0,13408.0,13302.0,15535.0,14594.0,13211.0,13239.0,11511.0,11024.0,12644.0,10277.0,10694.0,12108.0,12542.0,12873.0,13550.0,15495.0,14627.0,13262.0,12815.0,11566.0,11109.0,12590.0,9993.0,10854.0,11784.0,13355.0,13455.0,13655.0,14971.0,14246.0,14114.0,13143.0,11523.0,11499.0,12726.0,10448.0,10961.0,12177.0,13516.0,13471.0,13954.0,16529.0,14476.0,13641.0,13128.0,12157.0,11477.0,13008.0,10164.0,11228.0,12328.0,13142.0,13289.0,13485.0,15876.0,15351.0,14220.0,13235.0,11722.0,11476.0,12967.0,10255.0,11196.0,12357.0,13514.0,13638.0,13896.0,15749.0,15000.0,13670.0,13891.0,11810.0,10556.0,12973.0,10320.0,11212.0,12111.0,12908.0,12965.0,13812.0,15673.0,14938.0,13709.0,13268.0,11438.0,11251.0,12811.0,10595.0,10606.0,11558.0,12670.0,12724.0,13590.0,15826.0,14228.0,13629.0,13276.0,11512.0,11173.0,12629.0,10640.0,11265.0,7717.0,6623.0,11622.0,13842.0,16665.0,14793.0,14892.0,13413.0,11334.0,9779.0,11888.0,,,,,,,,,,,,,,9858.0,11448.0,11886.0,13015.0,13259.0,13506.0,15292.0,14407.0,13433.0,12924.0,11579.0,10769.0,12621.0,10021.0,11136.0,12377.0,12923.0,12812.0,13464.0,14773.0,14296.0,13149.0,12866.0,11557.0,10741.0,12518.0
12,CIRCONVALLAZIONE DI LUGANO,TI,,,,,,,,,,,,,,,,,,,,,,,,,,,,,,,,,,,,,,,,,,,,,,,,,,,,,,,,,,,,,,,,,,,,,,,,,,,,,,,,,,,,,,,,,,,,,,,,,,,,,,,,,,,,,,,,,,,,,,,,,,,,,,,,,,,,,,,,,,,,,,,,,,,,,,,,,,,,,,,,,,,,,,,,,,,,,,,,,,,,,,,,,,,,,,,,,,,,,,,,,,,,,,,,,,,,,,,,,,,,,,,,,,,,,,,,,,,,,,,,,,,,,,,,,,,,,,,,,,,,,,,,,,,,,,,,,,,,,,,,,,,,,,,,,,,,,,,,,,,,,,,,,,,,,,,,,,,,,,,,,,,,,,,,,,,,,,,,,,,,,,,,,,,,,,,,,,,,,,,,,,,,,,,,,,,,,,,,,,,,,,,,,,,,,,,,,,,,,,,,,,,,,,,,,,,,,,,,,,,,,,,,,,,,,,,,,,,,,,,,,,,,,,,,,,,,,,,,,,,,,,,,,,,,,,,,,,,,,,,,,,,,,,,,,,,,,,,,,,,,,,,,,,,,,,,,,,,,,,,,,,,,,,,,,,,,,,40706.0,45105.0,47476.0,52912.0,51793.0,54748.0,63523.0,56730.0,57854.0,54081.0,47372.0,45361.0,51471.0,41953.0,43671.0,48324.0,51977.0,53235.0,54611.0,64717.0,61158.0,62656.0,59864.0,52864.0,48229.0,53604.0,48035.0,48281.0,52244.0,57714.0,58627.0,59793.0,69190.0,63028.0,63626.0,60276.0,52596.0,49653.0,56976.0,47133.0,50271.0,51996.0,59140.0,57332.0,59871.0,66211.0,63330.0,63768.0,60550.0,52666.0,51211.0,56991.0,47826.0,50465.0,53918.0,60294.0,60598.0,61350.0,70166.0,64915.0,66658.0,62201.0,55895.0,52957.0,58983.0,48223.0,52516.0,56079.0,60355.0,62031.0,62471.0,70279.0,65375.0,66297.0,61773.0,55247.0,53083.0,59498.0,48943.0,52693.0,56071.0,61589.0,60113.0,62964.0,71174.0,65957.0,67441.0,63533.0,55833.0,50284.0,59749.0,50785.0,52421.0,55277.0,59632.0,61659.0,62897.0,70426.0,65415.0,66156.0,62247.0,55487.0,52340.0,59604.0,,,,,,,,,,,,,59604.0,,,,,,,,,,,,,,,,,,,,,,,,,,,,,,,,,,,,,,,,50828.0,52240.0,54898.0,59892.0,60232.0,61861.0,67511.0,65176.0,64774.0,59995.0,52953.0,50527.0,58442.0
13,MENDRISIO N  (AS),TI,,,,,,,,,,,,,,,,,,,,,,,,,,,,,,,,,,,,,,,,,,,,,,,,,,,,,,,,,,,,,,,,,,,,,,,,,,,,,,,,,,,,,,,,,,,,,,,,,,,,,,,,,,,,,,,,,,,,,,,,,,,,,,,,,,,,,,,,,,,,,,,,,,,,,,,,,,,,,,,,,,,,,,,,,,,,,,,,,,,,,,,,,,,,,,,,,,,,,,,,,,,,,,,,,,,,,,,,,,,,,,,,,,,,,,,,,,,,,,,,,,,,,,,,,,,,,,,,,,,,,,,,,,,,,,,,,,,,,,,,,,,,,,,,,,,,,,,,,,,,,,,,,,,,,,,,,,,,,,,,,,,,,,,,,,,,,,,,,,,,,,,,,,,,,,,,,,,,,,,,,,,,,,,,,,,,,,,,,,,,,,,,,,,,,,,,,,,,,,,,,,,,,,,,,,,,,,,,,,,,,,,,,,,,,,,,,,,,,,,,,,,,,,,,,,,,,,,,,,,,,,,,,,,,,,,,,,,,,,,,,,,,,,,,,,,,,,,,,,,,,,,,,,,,,,,,,,,,,,,,,,,,,,,,,,,,,,,,,,,,,,,,,,,,,,,,,,,,,,,,,,,,,,,,,,,,,,,,,,,,,,,,,,,,,,,,,,,,,,,,,,,,,,,,,,,,,,,,,,,,,,,,,,,,,,,,,,,,,,,,,,,,,,,,,,,,,,,,,,,,,,,,,,,,,,,,,,,,,,,,,,,,,,,,,,,,,,,,,,,,,,
14,QUARTINO,TI,,,,,,,,,,,,,,,,,,,,,,,,,,,,,,,,,,,,,,,,,,,,,,,,,,,,,,,,,,,,,,,,,,,,,,,,,,,,,,,,,,,,,,,,,,,,,,,,,,,,,,,,,,,,,,,,,,,,,,,,,,,,,,,,,,,,,,,,,,,,,,,,,,,,,,,,,,,,,,,,,,,,,,,,,,,,,,,,,,,,,,,,,,,,,,,,,,,,,,,,,,,,,,,,,,,,,,,,,,,,,,,,,,,,,,,,,,,,,,,,,,,,,,,,,,,,,,,,,,,,,,,,,,,,,,,,,,,,,,,,,,,,,,,,,,,,,,,,,,,,,,,,,,,,,,,,,,,,,,,,,,,,,,,,,,,,,,,,,,,,,,,,,,,,,,,,,,,,,,,,,,,,,,,,,,,,,,,,,,,,,,,,,,,,,,,,,,,,,,,,,,,,,,,,,,,,,,,,,,,,,,,,,,,,,,,,,,,,,,,,,,,,,,,,,,,,,,,,,,,,,,,,,,,,,,,,,,,,,,,,,,,,,,,,,,,,,,,,,,,,,,,,,,,,,,,,,,,,,,,,,22279.0,24316.0,27321.0,29215.0,29213.0,29139.0,31746.0,30445.0,29351.0,28237.0,24959.0,23585.0,27503.0,22298.0,25334.0,26937.0,29397.0,28986.0,28797.0,30647.0,30053.0,29676.0,27777.0,25456.0,24453.0,27484.0,22535.0,24364.0,27318.0,28481.0,28992.0,29566.0,31546.0,30542.0,29513.0,28893.0,26038.0,24133.0,27660.0,23885.0,24790.0,27236.0,28993.0,29080.0,30865.0,31864.0,31261.0,30032.0,28956.0,26481.0,24781.0,28203.0,23424.0,25566.0,27478.0,29779.0,29354.0,29328.0,30517.0,31075.0,30133.0,29191.0,25737.0,25192.0,28078.0,23930.0,25319.0,27847.0,29824.0,29603.0,30149.0,32104.0,30255.0,29783.0,29081.0,27211.0,25608.0,28409.0,23390.0,25721.0,27597.0,29522.0,29556.0,29518.0,31145.0,30617.0,30361.0,29053.0,26181.0,25523.0,28188.0,23652.0,25775.0,28267.0,29690.0,29670.0,29999.0,30610.0,29624.0,29045.0,28973.0,26458.0,23495.0,27946.0,,,,,,,,,,,,,27946.0,,,,,,,,,,,,,27946.0,24246.0,25342.0,15718.0,12109.0,23208.0,28189.0,31494.0,29077.0,30153.0,27169.0,24189.0,20202.0,24259.0,20167.0,22854.0,26059.0,27096.0,27742.0,28813.0,29430.0,29461.0,29180.0,27887.0,24694.0,23094.0,26390.0,21905.0,25457.0,26359.0,27921.0,28482.0,28453.0,29557.0,28303.0,28556.0,27330.0,25365.0,23360.0,26756.0,22988.0,25301.0,27616.0,28410.0,27985.0,29133.0,29839.0,28942.0,28768.0,27562.0,25669.0,23740.0,27169.0
15,CAVIANO DOGANA DIRINELLA,TI,,,,,,,,,,,,,,,,,,,,,,,,,,,,,,,,,,,,,,,,,,,,,,,,,,,,,,,,,,,,,,,,,,,,,,,,,,,,,,,,,,,,,,,,,,,,,,,,,,,,,,,,,,,,,,,,,,,,,,,,,,,,,,,,,,,,,,,,,,,,,,,,,,,,,,,,,,,,,,,,,,,,,,,,,,,,,,,,,,,,,,,,,,,,,,,,,,,,,,,,,,,,,,,,,,,,,,,,,,,,,,,,,,,,,,,,,,,,,,,,,,,,,,,,,,,,,,,,,,,,,,,,,,,,,,,,,,,,,,,,,,,,,,,,,,,,,,,,,,,,,,,,,,,,,,,,,,,,,,,,,,,,,,,,,,,,,,,,,,,,,,,,,,,,,,,,,,,,,,,,,,,,,,,,,,,,,,,,,,,,,,,,,,,,,,,,,,,,,,,,,,,,,,,,,,,,,,,,,,,,,,,,,,,,,,,,,,,,,,,,,,,,,,,,,,,,,,,,,,,,,,,,,,,,,,,,,,,,,,,,,,,,,,,,,,,,,,,,,,,,,,,,,,,,,,,,,,,,,,,,,,,,,,,,,,,,,,2461.0,3011.0,3273.0,3936.0,3790.0,3989.0,4485.0,4528.0,4086.0,3625.0,3040.0,2736.0,3580.0,2562.0,2905.0,3337.0,3741.0,3945.0,4017.0,4712.0,4523.0,4158.0,3972.0,3197.0,3088.0,3679.0,3046.0,3084.0,3405.0,3943.0,4183.0,4461.0,5065.0,4677.0,4506.0,3980.0,3450.0,3041.0,3908.0,2901.0,3304.0,3654.0,4414.0,4286.0,4614.0,5036.0,4603.0,4698.0,4428.0,3665.0,3898.0,4129.0,3242.0,3536.0,3859.0,4684.0,4574.0,4728.0,5347.0,4827.0,4767.0,4476.0,4007.0,3451.0,4295.0,3120.0,3722.0,4212.0,4433.0,4736.0,4798.0,5290.0,5109.0,5092.0,4551.0,3900.0,3556.0,4378.0,3291.0,3850.0,4616.0,5134.0,4825.0,5110.0,5603.0,5182.0,5104.0,4929.0,4176.0,3467.0,4610.0,3450.0,3905.0,4277.0,4534.0,4979.0,5098.0,5511.0,5215.0,5156.0,4820.0,4612.0,3537.0,4594.0,3464.0,3895.0,4275.0,4895.0,4917.0,5168.0,5501.0,4910.0,5146.0,4881.0,3863.0,3507.0,4538.0,,,,,,,,,,,,,,,,,,,,,,,,,,,,,,,,,,,,,,,,,,,,,,,,,,,,
16,OLIVONE - LUCOMAGNO,TI,,,,,,,,,,,,,,,,,,,,,,,,,,,,,,,,,,,,,,,,,,,,,,,,,,,,,,,,,,,,,,,,,,,,,,,,,,,,,,,,,,,,,,,,,,,,,,,,,,,,,,,,,,,,,,,,,,,,,,,,,,,,,,,,,,,,,,,,,,,,,,,,,,,,,,,,,,,,,,,,,,,,,,,,,,,,,,,,,,,,,,,,,,,,,,,,,,,,,,,,,,,,,,,,,,,,,,,,,,,,,,,,,,,,,,,,,,,,,,,,,,,,,,,,,,,,,,,,,,,,,,,,,,,,,,,,,,,,,,,,,,,,,,,,,,,,,,,,,,,,,,,,,,,,,,,,,,,,,,,,,,,,,,,,,,,,,,,,,,,,,,,,,,,,,,,,,,,,,,,,,,,,,,,,,,,,,,,,,,,,,,,,,,,,,,,,,,,,,,,,,,,,,,,,,,,,,,,,,,,,,,,,,,,,,,,,,,,,,,,,,,,,,,,,,,,,,,,,,,,,,,,,,,,,,,,,,,,,,,,,,,,,,,,,,,,,,,,,,,,,,,,,,,,,,,,,,,,,,,,,,,,,,,,,,,,,,,1950.0,1561.0,1358.0,1692.0,1824.0,2358.0,3064.0,3627.0,2293.0,1832.0,1252.0,1462.0,2022.0,1831.0,1574.0,1437.0,1238.0,1754.0,2374.0,3187.0,3698.0,2329.0,1797.0,1290.0,1649.0,2013.0,1702.0,1550.0,1330.0,1279.0,1786.0,2484.0,3607.0,3867.0,2431.0,1678.0,1401.0,1498.0,2057.0,1666.0,1396.0,1430.0,1415.0,1781.0,2442.0,2808.0,3222.0,2292.0,1807.0,1279.0,1342.0,1911.0,,,,,,,,,,,,,,,,,,,,,,,,,,,1470.0,1348.0,1187.0,1681.0,1891.0,2480.0,3180.0,3370.0,2087.0,1950.0,1210.0,1284.0,1934.0,,,,,,,,,,,,,1934.0,1452.0,1530.0,1307.0,1268.0,1622.0,2617.0,3124.0,3327.0,2301.0,1775.0,1150.0,1446.0,1934.0,1756.0,1525.0,1035.0,1109.0,2139.0,2406.0,3549.0,3557.0,2728.0,1667.0,1673.0,1497.0,2057.0,1678.0,1642.0,1269.0,1471.0,2029.0,2440.0,2946.0,3582.0,2535.0,1981.0,1315.0,1331.0,2022.0,1533.0,1355.0,1334.0,1567.0,2029.0,2516.0,3550.0,3383.0,2196.0,1795.0,1261.0,1437.0,2003.0,1585.0,1441.0,1218.0,1515.0,1759.0,2395.0,3160.0,3303.0,2567.0,1884.0,1232.0,1424.0,1961.0
17,TENERO,TI,,,,,,,,,,,,,,,,,,,,,,,,,,,,,,,,,,,,,,,,,,,,,,,,,,,,,,,,,,,,,,,,,,,,,,,,,,,,,,,,,,,,,,,,,,,,,,,,,,,,,,,,,,,,,,,,,,,,,,,,,,,,,,,,,,,,,,,,,,,,,,,,,,,,,,,,,,,,,,,,,,,,,,,,,,,,,,,,,,,,,,,,,,,,,,,,,,,,,,,,,,,,,,,,,,,,,,,,,,,,,,,,,,,,,,,,,,,,,,,,,,,,,,,,,,,,,,,,,,,,,,,,,,,,,,,,,,,,,,,,,,,,,,,,,,,,,,,,,,,,,,,,,,,,,,,,,,,,,,,,,,,,,,,,,,,,,,,,,,,,,,,,,,,,,,,,,,,,,,,,,,,,,,,,,,,,,,,,,,,,,,,,,,,,,,,,,,,,,,,,,,,,,,,,,,,,,,,,,,,,,,,,,,,,,,,,,,,,,,,,,,,,,,,,,,,,,,,,,,,,,,,,,,,,,,,,,,,,,,,,,,,,,,,,,,,,,,,,,,,,,,,,,,,,,,,,,,,,,,,,,,,,,,,,,,,,,,27757.0,31732.0,33497.0,37880.0,37137.0,37002.0,40431.0,38143.0,37751.0,37078.0,32781.0,31238.0,35202.0,28278.0,30599.0,34691.0,36198.0,37020.0,36813.0,40634.0,38247.0,37652.0,37626.0,33095.0,30584.0,35119.0,29880.0,30720.0,34159.0,36926.0,37455.0,39305.0,41694.0,39073.0,38618.0,37456.0,33888.0,32645.0,36015.0,30597.0,32305.0,34216.0,38542.0,38391.0,37999.0,40480.0,38292.0,39468.0,37914.0,33042.0,32483.0,36163.0,30302.0,32053.0,35446.0,38698.0,38219.0,38404.0,41614.0,38203.0,39181.0,37726.0,35547.0,33116.0,36564.0,29552.0,32838.0,35724.0,38080.0,38696.0,38336.0,40311.0,39287.0,40325.0,37649.0,34117.0,33012.0,36500.0,30199.0,33106.0,36299.0,38787.0,39010.0,38749.0,41564.0,38808.0,39325.0,39608.0,34657.0,30655.0,36748.0,,,,,,,,,,,,,36748.0,,,,,,,,,,,,,36748.0,32764.0,32760.0,20053.0,15338.0,28120.0,35244.0,40360.0,36202.0,40384.0,36658.0,31462.0,26833.0,31349.0,25025.0,29046.0,33876.0,36586.0,37329.0,38605.0,39363.0,38347.0,39841.0,38265.0,33302.0,31027.0,35078.0,,,,,,,,,,,,,,30203.0,32917.0,36427.0,37431.0,37167.0,38184.0,39214.0,37465.0,39253.0,37965.0,34439.0,31250.0,36004.0
18,INTRAGNA-CENTOVALLI,TI,,,,,,,,,,,,,,,,,,,,,,,,,,,,,,,,,,,,,,,,,,,,,,,,,,,,,,,,,,,,,,,,,,,,,,,,,,,,,,,,,,,,,,,,,,,,,,,,,,,,,,,,,,,,,,,,,,,,,,,,,,,,,,,,,,,,,,,,,,,,,,,,,,,,,,,,,,,,,,,,,,,,,,,,,,,,,,,,,,,,,,,,,,,,,,,,,,,,,,,,,,,,,,,,,,,,,,,,,,,,,,,,,,,,,,,,,,,,,,,,,,,,,,,,,,,,,,,,,,,,,,,,,,,,,,,,,,,,,,,,,,,,,,,,,,,,,,,,,,,,,,,,,,,,,,,,,,,,,,,,,,,,,,,,,,,,,,,,,,,,,,,,,,,,,,,,,,,,,,,,,,,,,,,,,,,,,,,,,,,,,,,,,,,,,,,,,,,,,,,,,,,,,,,,,,,,,,,,,,,,,,,,,,,,,,,,,,,,,,,,,,,,,,,,,,,,,,,,,,,,,,,,,,,,,,,,,,,,,,,,,,,,,,,,,,,,,,,,,,,,,,,,,,,,,,,,,,,,,,,,,,,,,,,,,,,,,,2800.0,3574.0,3735.0,4250.0,4085.0,4053.0,4733.0,4224.0,4339.0,4122.0,3448.0,3068.0,3869.0,2784.0,3346.0,3594.0,3856.0,3921.0,3659.0,3978.0,3566.0,3469.0,3480.0,2825.0,2421.0,3408.0,2388.0,2580.0,2831.0,3222.0,3354.0,3683.0,4141.0,3715.0,3600.0,3461.0,2850.0,2546.0,3201.0,2321.0,2584.0,2917.0,3494.0,3415.0,3545.0,3958.0,3567.0,3723.0,3695.0,3219.0,3405.0,3324.0,2545.0,2648.0,3002.0,3534.0,3459.0,3517.0,3970.0,3544.0,3679.0,3546.0,3116.0,2765.0,3280.0,2370.0,2717.0,3167.0,3326.0,3490.0,3433.0,3976.0,3718.0,3707.0,3424.0,2865.0,2719.0,3245.0,2340.0,2735.0,3509.0,3751.0,3491.0,3410.0,3944.0,3646.0,3514.0,3712.0,3040.0,2440.0,3297.0,,,,,,,,,,,,,3297.0,2844.0,2691.0,2889.0,3292.0,3305.0,3428.0,3810.0,3477.0,3448.0,3343.0,2674.0,2130.0,3297.0,2263.0,2691.0,1488.0,828000.0,1879.0,2794.0,3876.0,3406.0,3807.0,2040.0,2439.0,2008.0,2458.0,1850.0,2430.0,2733.0,3118.0,3093.0,3190.0,3533.0,3487.0,3448.0,3167.0,2756.0,2437.0,2939.0,2218.0,2768.0,2693.0,3283.0,3148.0,2995.0,3570.0,3221.0,3197.0,2941.0,2595.0,2356.0,2916.0,2233.0,2672.0,2898.0,3172.0,3009.0,3030.0,3434.0,3269.0,3195.0,3102.0,2660.0,2383.0,2923.0
19,ASCONA GALLERIA,TI,,,,,,,,,,,,,,,,,,,,,,,,,,,,,,,,,,,,,,,,,,,,,,,,,,,,,,,,,,,,,,,,,,,,,,,,,,,,,,,,,,,,,,,,,,,,,,,,,,,,,,,,,,,,,,,,,,,,,,,,,,,,,,,,,,,,,,,,,,,,,,,,,,,,,,,,,,,,,,,,,,,,,,,,,,,,,,,,,,,,,,,,,,,,,,,,,,,,,,,,,,,,,,,,,,,,,,,,,,,,,,,,,,,,,,,,,,,,,,,,,,,,,,,,,,,,,,,,,,,,,,,,,,,,,,,,,,,,,,,,,,,,,,,,,,,,,,,,,,,,,,,,,,,,,,,,,,,,,,,,,,,,,,,,,,,,,,,,,,,,,,,,,,,,,,,,,,,,,,,,,,,,,,,,,,,,,,,,,,,,,,,,,,,,,,,,,,,,,,,,,,,,,,,,,,,,,,,,,,,,,,,,,,,,,,,,,,,,,,,,,,,,,,,,,,,,,,,,,,,,,,,,,,,,,,,,,,,,,,,,,,,,,,,,,,,,,,,,,,,,,,,,,,,,,,,,,,,,,,,,,8004.0,9172.0,10428.0,12211.0,12773.0,12851.0,14740.0,14549.0,13211.0,11827.0,9554.0,9019.0,11543.0,8384.0,9871.0,10987.0,13208.0,12493.0,13466.0,13812.0,14153.0,13360.0,12503.0,10015.0,9363.0,11801.0,,,,,,,,,,,,,,,,,,,,,,,,,,,8872.0,9710.0,10720.0,13290.0,13059.0,13730.0,14952.0,14214.0,13788.0,11705.0,8609.0,7242.0,11666.0,8418.0,9706.0,10940.0,13000.0,13093.0,13241.0,14839.0,13945.0,13299.0,12240.0,10595.0,9728.0,11932.0,8647.0,10017.0,11702.0,12258.0,13508.0,12996.0,14880.0,14412.0,13891.0,12492.0,10089.0,9713.0,12059.0,8941.0,10309.0,10567.0,13368.0,13367.0,13897.0,15164.0,14312.0,13645.0,13164.0,10463.0,9239.0,12211.0,,,,,,,,,,,,,12211.0,,,,,,,,,,,,,12211.0,,,,,,,,,,,,,,,,,,,,,,,,,,,8237.0,10258.0,11234.0,12836.0,13780.0,14190.0,14683.0,14109.0,14197.0,12523.0,10526.0,9282.0,12162.0,9012.0,10433.0,11691.0,13435.0,13313.0,14025.0,13949.0,14097.0,13930.0,12741.0,10491.0,9325.0,12210.0
20,"LOCARNO, TUNNEL MAPPO MORETTINA",TI,,,,,,,,,,,,,,,,,,,,,,,,,,,,,,,,,,,,,,,,,,,,,,,,,,,,,,,,,,,,,,,,,,,,,,,,,,,,,,,,,,,,,,,,,,,,,,,,,,,,,,,,,,,,,,,,,,,,,,,,,,,,,,,,,,,,,,,,,,,,,,,,,,,,,,,,,,,,,,,,,,,,,,,,,,,,,,,,,,,,,,,,,,,,,,,,,,,,,,,,,,,,,,,,,,,,,,,,,,,,,,,,,,,,,,,,,,,,,,,,,,,,,,,,,,,,,,,,,,,,,,,,,,,,,,,,,,,,,,,,,,,,,,,,,,,,,,,,,,,,,,,,,,,,,,,,,,,,,,,,,,,,,,,,,,,,,,,,,,,,,,,,,,,,,,,,,,,,,,,,,,,,,,,,,,,,,,,,,,,,,,,,,,,,,,,,,,,,,,,,,,,,,,,,,,,,,,,,,,,,,,,,,,,,,,,,,,,,,,,,,,,,,,,,,,,,,,,,,,,,,,,,,,,,,,,,,,,,,,,,,,,,,,,,,,,,,,,,,,,,,,,,,,,,,,,,,,,,,,,,,,,,,,,,,,,,,,18649.0,21263.0,22775.0,26480.0,25488.0,26157.0,29157.0,27492.0,26620.0,26138.0,22373.0,21186.0,24481.0,19094.0,20606.0,23277.0,25219.0,25795.0,25716.0,29093.0,27442.0,26597.0,26594.0,22911.0,20970.0,24442.0,20423.0,20943.0,23385.0,25925.0,26708.0,28006.0,30127.0,28350.0,27732.0,26831.0,23766.0,22827.0,25445.0,21416.0,22424.0,23706.0,27784.0,27607.0,27617.0,29702.0,28216.0,28860.0,27313.0,23670.0,22707.0,25936.0,21581.0,22772.0,24670.0,26782.0,26498.0,27481.0,30463.0,27972.0,28106.0,26087.0,24905.0,22517.0,25834.0,19812.0,22345.0,24711.0,25167.0,27316.0,27040.0,29136.0,28545.0,29002.0,26912.0,23478.0,22655.0,25520.0,21020.0,23057.0,25245.0,27407.0,27863.0,27836.0,30078.0,28338.0,28510.0,28105.0,24636.0,21695.0,26164.0,,,,,,,,,,,,,26164.0,,,,,,,,,,,,,26164.0,23048.0,23063.0,13628.0,10093.0,19316.0,24671.0,29055.0,26293.0,28873.0,26241.0,22285.0,18804.0,22116.0,17386.0,20454.0,23741.0,25906.0,26517.0,27916.0,28990.0,28157.0,29108.0,27282.0,23822.0,22037.0,25130.0,,,,,,,,,,,,,,21486.0,23698.0,26100.0,27176.0,27060.0,27822.0,28731.0,27673.0,28883.0,26930.0,24733.0,22191.0,26047.0
21,GALLERIA VEDEGGIO-CASSARATE,TI,,,,,,,,,,,,,,,,,,,,,,,,,,,,,,,,,,,,,,,,,,,,,,,,,,,,,,,,,,,,,,,,,,,,,,,,,,,,,,,,,,,,,,,,,,,,,,,,,,,,,,,,,,,,,,,,,,,,,,,,,,,,,,,,,,,,,,,,,,,,,,,,,,,,,,,,,,,,,,,,,,,,,,,,,,,,,,,,,,,,,,,,,,,,,,,,,,,,,,,,,,,,,,,,,,,,,,,,,,,,,,,,,,,,,,,,,,,,,,,,,,,,,,,,,,,,,,,,,,,,,,,,,,,,,,,,,,,,,,,,,,,,,,,,,,,,,,,,,,,,,,,,,,,,,,,,,,,,,,,,,,,,,,,,,,,,,,,,,,,,,,,,,,,,,,,,,,,,,,,,,,,,,,,,,,,,,,,,,,,,,,,,,,,,,,,,,,,,,,,,,,,,,,,,,,,,,,,,,,,,,,,,,,,,,,,,,,,,,,,,,,,,,,,,,,,,,,,,,,,,,,,,,,,,,,,,,,,,,,,,,,,,,,,,,,,,,,,,,,,,,,,,,,,,,,,,,,,,,,,,,,,,,,,,,,,,,,,,,,,,,,,,,,,,,,,,,,,,,,,,20044.0,20544.0,21644.0,22877.0,21957.0,22719.0,22879.0,20102.0,24319.0,24416.0,23607.0,21310.0,22202.0,21032.0,22888.0,23053.0,23379.0,23634.0,22780.0,22500.0,20050.0,25702.0,26167.0,24447.0,22996.0,23212.0,20625.0,23684.0,25108.0,25583.0,24766.0,25603.0,25133.0,21363.0,26877.0,26867.0,26679.0,24403.0,24717.0,22917.0,25281.0,25910.0,27398.0,25415.0,26234.0,23977.0,21723.0,27466.0,26773.0,26520.0,24428.0,25320.0,23211.0,25716.0,26713.0,25266.0,26305.0,24977.0,24731.0,22215.0,26892.0,26976.0,26102.0,22621.0,25132.0,,,,,,,,,,,,,25132.0,,,,,,,,,,,,,25132.0,,,,,,,,,,,,,,18362.0,20765.0,22176.0,22412.0,22815.0,24186.0,23799.0,22674.0,25585.0,25057.0,24959.0,23734.0,23049.0,20818.0,24047.0,24472.0,24227.0,25485.0,25284.0,24184.0,23042.0,27767.0,25170.0,25029.0,22924.0,24360.0,22820.0,24212.0,25526.0,26094.0,26571.0,26793.0,24418.0,22852.0,27744.0,25883.0,24736.0,22835.0,25033.0
22,VEZIA W,TI,,,,,,,,,,,,,,,,,,,,,,,,,,,,,,,,,,,,,,,,,,,,,,,,,,,,,,,,,,,,,,,,,,,,,,,,,,,,,,,,,,,,,,,,,,,,,,,,,,,,,,,,,,,,,,,,,,,,,,,,,,,,,,,,,,,,,,,,,,,,,,,,,,,,,,,,,,,,,,,,,,,,,,,,,,,,,,,,,,,,,,,,,,,,,,,,,,,,,,,,,,,,,,,,,,,,,,,,,,,,,,,,,,,,,,,,,,,,,,,,,,,,,,,,,,,,,,,,,,,,,,,,,,,,,,,,,,,,,,,,,,,,,,,,,,,,,,,,,,,,,,,,,,,,,,,,,,,,,,,,,,,,,,,,,,,,,,,,,,,,,,,,,,,,,,,,,,,,,,,,,,,,,,,,,,,,,,,,,,,,,,,,,,,,,,,,,,,,,,,,,,,,,,,,,,,,,,,,,,,,,,,,,,,,,,,,,,,,,,,,,,,,,,,,,,,,,,,,,,,,,,,,,,,,,,,,,,,,,,,,,,,,,,,,,,,,,,,,,,,,,,,,,,,,,,,,,,,,,,,,,,,,,,,,,,,,,,,,,,,,,,,,,,,,,,,,,,,,,,,,,,,,,,,,,,,,,,,,,,,,,,,,,,16772.0,18945.0,19819.0,20119.0,19308.0,20119.0,19326.0,16480.0,21042.0,20689.0,20606.0,19523.0,19387.0,17487.0,19328.0,19492.0,20933.0,19516.0,20349.0,18272.0,17226.0,20738.0,20488.0,20263.0,19078.0,19419.0,17785.0,19440.0,20475.0,19424.0,20292.0,19283.0,18773.0,17247.0,20521.0,20638.0,19915.0,17765.0,19290.0,,,,,,,,,,,,,19290.0,,,,,,,,,,,,,19290.0,,,,,,,,,,,,,,13457.0,15121.0,16776.0,17070.0,16595.0,16653.0,18019.0,15511.0,18669.0,18482.0,18352.0,17278.0,16837.0,14838.0,17621.0,17695.0,17506.0,18168.0,17461.0,16015.0,15495.0,18905.0,17545.0,17507.0,16568.0,17098.0,15982.0,17304.0,18212.0,17773.0,18006.0,18299.0,16418.0,14997.0,18177.0,17805.0,17563.0,16353.0,17232.0
23,CIRCONVAL. BELLINZONA (CAS),TI,,,,,,,,,,,,,,,,,,,,,,,,,,,,,,,,,,,,,,,,,,,,,,,,,,,,,,,,,,,,,,,,,,,,,,,,,,,,,,,,,,,,,,,,,,,,,,,,,,,,,,,,,,,,,,,,,,,,,,,,,,,,,,,,,,,,,,,,,,,,,,,,11612.0,11612.0,11612.0,11612.0,10557.0,11682.0,20209.0,15935.0,12189.0,9756.0,6333.0,6235.0,11612.0,5146.0,4743.0,9206.0,8902.0,11336.0,11890.0,21794.0,15933.0,13700.0,11146.0,7203.0,6490.0,10624.0,5538.0,6521.0,7956.0,13443.0,10662.0,14217.0,20546.0,19970.0,14761.0,11391.0,7348.0,7199.0,11662.0,6189.0,7448.0,8584.0,12629.0,12206.0,12787.0,22470.0,21155.0,16129.0,12865.0,8232.0,8142.0,12430.0,7677.0,8556.0,9748.0,15709.0,13057.0,17126.0,25673.0,24609.0,17444.0,15106.0,9892.0,9024.0,14511.0,8874.0,9909.0,11354.0,18290.0,16876.0,17030.0,27000.0,25700.0,19064.0,15365.0,10239.0,10657.0,15863.0,10537.0,10282.0,14384.0,17455.0,15389.0,18196.0,28277.0,25454.0,21500.0,18977.0,12036.0,11000.0,16957.0,10494.0,11280.0,13130.0,20576.0,15972.0,21258.0,28276.0,27478.0,22500.0,18674.0,13377.0,13105.0,18010.0,8679.0,11100.0,13975.0,20248.0,19618.0,22491.0,30528.0,30770.0,25025.0,20973.0,13455.0,13000.0,19155.0,11880.0,10931.0,18221.0,18108.0,22500.0,24524.0,34811.0,34297.0,27188.0,24400.0,16754.0,15704.0,21610.0,14410.0,15057.0,18228.0,27665.0,24043.0,29046.0,37349.0,34184.0,27000.0,24000.0,17203.0,16697.0,23740.0,26200.0,16000.0,16820.0,20899.0,26654.0,26668.0,27546.0,42172.0,38477.0,32416.0,28853.0,19327.0,26200.0,18087.0,18626.0,27213.0,25856.0,30852.0,29340.0,42697.0,40170.0,34339.0,29635.0,21893.0,21500.0,28351.0,19200.0,20500.0,21795.0,29980.0,29097.0,34031.0,43889.0,42801.0,35500.0,29872.0,21646.0,20391.0,29059.0,5172.0,5349.0,6949.0,7863.0,8235.0,8204.0,9015.0,8541.0,8406.0,8561.0,7145.0,5909.0,7458.0,21885.0,24477.0,28416.0,36113.0,35644.0,35282.0,47996.0,51244.0,41054.0,33683.0,24349.0,24056.0,33658.0,33224.0,33224.0,33224.0,33224.0,32204.0,32693.0,45222.0,42815.0,35770.0,29264.0,24215.0,23614.0,33224.0,22562.0,23689.0,29401.0,33242.0,33846.0,35504.0,49402.0,47099.0,39062.0,33172.0,25311.0,24839.0,33169.0,22003.0,24902.0,27590.0,39079.0,33963.0,40318.0,49888.0,33963.0,33963.0,33963.0,33963.0,33963.0,33963.0,,,,,,,,,,,,,,24000.0,27130.0,34846.0,36641.0,39530.0,36650.0,48283.0,49929.0,41463.0,38393.0,28314.0,27500.0,36133.0,25838.0,28554.0,31205.0,28554.0,28554.0,28554.0,28554.0,28554.0,28554.0,28554.0,28554.0,28620.0,28554.0,28633.0,28550.0,33332.0,40907.0,40274.0,44599.0,50749.0,51065.0,44300.0,39900.0,31200.0,30000.0,38691.0,42459.0,42459.0,42459.0,42459.0,42459.0,43739.0,53754.0,53690.0,42459.0,40338.0,32274.0,30959.0,42459.0,29166.0,29719.0,35995.0,38227.0,43221.0,42013.0,54514.0,39203.0,39203.0,40773.0,39203.0,39203.0,39203.0,38224.0,30879.0,33238.0,42790.0,38224.0,38224.0,38224.0,38224.0,45991.0,38224.0,38224.0,38224.0,38224.0,30558.0,28631.0,32486.0,30558.0,30558.0,30558.0,30558.0,30558.0,30558.0,30558.0,30558.0,30558.0,30558.0,,,,,,,,,,,,,,,,,,,,,,,,,,,30256.0,32539.0,36456.0,44971.0,47554.0,46838.0,61760.0,59028.0,50783.0,45370.0,35630.0,33357.0,43794.0,32372.0,35507.0,38179.0,46978.0,44434.0,50709.0,61836.0,58093.0,53909.0,48520.0,36453.0,35301.0,45190.0,32627.0,33698.0,39186.0,44867.0,46076.0,49244.0,61730.0,58998.0,52514.0,46208.0,37423.0,35259.0,44819.0,33808.0,34261.0,39704.0,44403.0,48352.0,50308.0,62165.0,61169.0,53444.0,46455.0,38106.0,36623.0,45818.0,33817.0,35594.0,39827.0,47895.0,46707.0,51547.0,59028.0,60726.0,53649.0,47803.0,37915.0,37627.0,46078.0,34642.0,36299.0,40581.0,48472.0,50744.0,51044.0,62882.0,62038.0,55064.0,49852.0,41255.0,39688.0,47794.0,35214.0,38204.0,44537.0,47747.0,53291.0,51338.0,65324.0,63190.0,57139.0,51102.0,40614.0,40299.0,49057.0,,,,,,,,,,,,,,,,,,,,,,,,,,,38736.0,40919.0,45186.0,52895.0,50837.0,57527.0,64444.0,63421.0,56827.0,51465.0,40767.0,41175.0,50409.0,39379.0,39538.0,21999.0,15996.0,30165.0,43319.0,59898.0,59537.0,57743.0,48527.0,35202.0,30939.0,40214.0,29219.0,35454.0,38513.0,41845.0,47478.0,52400.0,65452.0,69022.0,61668.0,55437.0,41996.0,38974.0,48211.0,,,,,,,,,,,,,,,,,,,,,,,,,,
