coordinates;color;speed_limit;current_speed
[(8.6864736, 45.9637386), (8.6869988, 45.9642213), (8.6871785, 45.9643733), (8.6880196, 45.9650849), (8.688694, 45.9656464), (8.6892406, 45.9659467), (8.6895685, 45.9660651), (8.6902487, 45.9663106), (8.6911866, 45.9666491), (8.6926191, 45.9672283), (8.6938114, 45.9678927), (8.6948976, 45.9685262), (8.6952842, 45.9688211), (8.6956208, 45.9691471), (8.6959414, 45.9693968), (8.6976129, 45.9706985), (8.6986839, 45.9712721), (8.6993969, 45.9717248), (8.6995188, 45.9718034)];green;50;55.0
[(8.6859075, 45.9630699), (8.6862436, 45.9634836), (8.6863266, 45.9635857)];green;50;54.0
[(8.6849096, 45.9626339), (8.6856024, 45.9628928), (8.6859075, 45.9630699)];green;50;55.0
[(8.6863266, 45.9635857), (8.6864736, 45.9637386)];green;50;54.0
[(8.6846136, 45.9625553), (8.6847244, 45.9625889), (8.6849096, 45.9626339)];green;50;54.0
[(8.6818089, 45.9627171), (8.6822101, 45.9627341), (8.6824814, 45.962697), (8.6827397, 45.9626234), (8.6828977, 45.9625781), (8.6829246, 45.9625727), (8.6833255, 45.9624926), (8.6835119, 45.9624576), (8.6837236, 45.9624351), (8.6840119, 45.9624571), (8.6841868, 45.9624822), (8.6842732, 45.9624946), (8.6844561, 45.9625209), (8.6846136, 45.9625553)];green;30;55.0
[(8.6997077, 45.9719326), (8.6999318, 45.9720779), (8.700645, 45.9726445), (8.7017247, 45.973408), (8.7021326, 45.9736027), (8.7025707, 45.9738094), (8.7026317, 45.9738384), (8.7028113, 45.9739236), (8.7034435, 45.9741719), (8.7040477, 45.9744887), (8.7052484, 45.9752041), (8.7056103, 45.9754538), (8.7056778, 45.9755433), (8.7060315, 45.9760125), (8.7061649, 45.9761765), (8.7062116, 45.9762339), (8.7063623, 45.976369), (8.7063812, 45.9763861)];green;50;55.0
[(8.6995188, 45.9718034), (8.6997077, 45.9719326)];green;50;54.0
[(8.6864736, 45.9637386), (8.6869988, 45.9642213), (8.6871785, 45.9643733), (8.6880196, 45.9650849), (8.688694, 45.9656464), (8.6892406, 45.9659467), (8.6895685, 45.9660651), (8.6902487, 45.9663106), (8.6911866, 45.9666491), (8.6926191, 45.9672283), (8.6938114, 45.9678927), (8.6948976, 45.9685262), (8.6952842, 45.9688211), (8.6956208, 45.9691471), (8.6959414, 45.9693968), (8.6976129, 45.9706985), (8.6986839, 45.9712721), (8.6993969, 45.9717248), (8.6995188, 45.9718034)];green;50;55.0
[(8.6859075, 45.9630699), (8.6862436, 45.9634836), (8.6863266, 45.9635857)];green;50;54.0
[(8.6849096, 45.9626339), (8.6856024, 45.9628928), (8.6859075, 45.9630699)];green;50;55.0
[(8.6863266, 45.9635857), (8.6864736, 45.9637386)];green;50;54.0
[(8.6846136, 45.9625553), (8.6847244, 45.9625889), (8.6849096, 45.9626339)];green;50;54.0
[(8.6818089, 45.9627171), (8.6822101, 45.9627341), (8.6824814, 45.962697), (8.6827397, 45.9626234), (8.6828977, 45.9625781), (8.6829246, 45.9625727), (8.6833255, 45.9624926), (8.6835119, 45.9624576), (8.6837236, 45.9624351), (8.6840119, 45.9624571), (8.6841868, 45.9624822), (8.6842732, 45.9624946), (8.6844561, 45.9625209), (8.6846136, 45.9625553)];green;30;55.0
[(8.6997077, 45.9719326), (8.6999318, 45.9720779), (8.700645, 45.9726445), (8.7017247, 45.973408), (8.7021326, 45.9736027), (8.7025707, 45.9738094), (8.7026317, 45.9738384), (8.7028113, 45.9739236), (8.7034435, 45.9741719), (8.7040477, 45.9744887), (8.7052484, 45.9752041), (8.7056103, 45.9754538), (8.7056778, 45.9755433), (8.7060315, 45.9760125), (8.7061649, 45.9761765), (8.7062116, 45.9762339), (8.7063623, 45.976369), (8.7063812, 45.9763861)];green;50;55.0
[(8.6995188, 45.9718034), (8.6997077, 45.9719326)];green;50;54.0
[(8.6791121, 45.9609645), (8.6792626, 45.9609725), (8.6794647, 45.9610014), (8.6795794, 45.9610282)];green;50;55.0
[(8.6864736, 45.9637386), (8.6869988, 45.9642213), (8.6871785, 45.9643733), (8.6880196, 45.9650849), (8.688694, 45.9656464), (8.6892406, 45.9659467), (8.6895685, 45.9660651), (8.6902487, 45.9663106), (8.6911866, 45.9666491), (8.6926191, 45.9672283), (8.6938114, 45.9678927), (8.6948976, 45.9685262), (8.6952842, 45.9688211), (8.6956208, 45.9691471), (8.6959414, 45.9693968), (8.6976129, 45.9706985), (8.6986839, 45.9712721), (8.6993969, 45.9717248), (8.6995188, 45.9718034)];green;50;55.0
[(8.6823995, 45.9567597), (8.6822889, 45.9565867), (8.6816494, 45.9561938)];green;50;55.0
[(8.6859075, 45.9630699), (8.6862436, 45.9634836), (8.6863266, 45.9635857)];green;50;54.0
[(8.6849096, 45.9626339), (8.6856024, 45.9628928), (8.6859075, 45.9630699)];green;50;55.0
[(8.6812909, 45.9559918), (8.6811529, 45.9559076), (8.6809361, 45.9557752), (8.6805442, 45.9556202), (8.6800989, 45.9555481), (8.6798573, 45.9555279), (8.6794221, 45.9554916), (8.6777273, 45.9552677), (8.6769792, 45.9551874)];green;50;55.0
[(8.6816494, 45.9561938), (8.6812909, 45.9559918)];green;50;54.0
[(8.6823995, 45.9567597), (8.6824178, 45.9568948), (8.6823795, 45.9570364), (8.6822377, 45.9571817), (8.6821846, 45.9572045), (8.6820098, 45.9572793), (8.6816382, 45.957302), (8.6812374, 45.9572155), (8.6809166, 45.9571639), (8.6807225, 45.9571327), (8.680165, 45.9570564), (8.6801058, 45.9570761), (8.6800358, 45.9570696), (8.6789737, 45.9570842), (8.6785228, 45.9571248), (8.6783943, 45.9571364), (8.6778364, 45.9572852), (8.6768355, 45.9576384), (8.6764095, 45.9579266), (8.6761986, 45.9582157), (8.6761818, 45.9584063), (8.6761815, 45.9584285), (8.67618, 45.9585615), (8.6761796, 45.9585913), (8.6761438, 45.9586737), (8.6761423, 45.9586772), (8.6761121, 45.9587469), (8.6755667, 45.9600605), (8.6755259, 45.9601878), (8.6754841, 45.9603271)];green;50;54.0
[(8.6863266, 45.9635857), (8.6864736, 45.9637386)];green;50;54.0
[(8.6846136, 45.9625553), (8.6847244, 45.9625889), (8.6849096, 45.9626339)];green;50;54.0
[(8.6818089, 45.9627171), (8.6822101, 45.9627341), (8.6824814, 45.962697), (8.6827397, 45.9626234), (8.6828977, 45.9625781), (8.6829246, 45.9625727), (8.6833255, 45.9624926), (8.6835119, 45.9624576), (8.6837236, 45.9624351), (8.6840119, 45.9624571), (8.6841868, 45.9624822), (8.6842732, 45.9624946), (8.6844561, 45.9625209), (8.6846136, 45.9625553)];green;30;55.0
[(8.679038, 45.9609606), (8.6791121, 45.9609645)];green;50;55.0
[(8.6755749, 45.9605419), (8.6756527, 45.9605933), (8.675725, 45.9606279), (8.6758434, 45.9606774), (8.6760184, 45.9607176), (8.6762298, 45.9607545), (8.6765096, 45.9607869), (8.6773837, 45.9608401), (8.6784112, 45.9609111), (8.6788872, 45.9609543), (8.679038, 45.9609606)];green;50;55.0
[(8.6795794, 45.9610282), (8.6797052, 45.9610696), (8.679941, 45.9611736), (8.680143, 45.9613088), (8.6803075, 45.9614696), (8.6803974, 45.9615969), (8.68043, 45.9616595), (8.6805885, 45.9620134), (8.6806343, 45.9620957), (8.680729, 45.9622087), (8.6808167, 45.9622934), (8.6809979, 45.9624171), (8.6810216, 45.962431), (8.6812688, 45.9625336), (8.6815126, 45.9626172), (8.6815762, 45.9626385), (8.6818089, 45.9627171)];green;50;54.0
[(8.7565953, 45.9968795), (8.7567248, 45.9969635), (8.7567853, 45.9970027), (8.757013, 45.997206), (8.7571999, 45.9974271), (8.7572939, 45.997558), (8.7573672, 45.9976874), (8.7574166, 45.9978129), (8.7574265, 45.9978972), (8.7574246, 45.9979526), (8.7574044, 45.9980381), (8.7572337, 45.9984348), (8.757207, 45.9985234), (8.757198, 45.9986356), (8.7572507, 45.9990273), (8.7573319, 45.9994158), (8.7573462, 45.9995063), (8.7573541, 45.9995562), (8.7573541, 45.9996915), (8.7573202, 45.9998415), (8.7572656, 45.9999758), (8.7571757, 46.0001061), (8.756859, 46.0006092), (8.756787, 46.0008463), (8.7567549, 46.0010865), (8.7568183, 46.0013217), (8.7568858, 46.0014707), (8.7569962, 46.0016602), (8.7571257, 46.0018168), (8.757227, 46.0018978), (8.757286, 46.0019418), (8.7578861, 46.0023952), (8.7579437, 46.0024296), (8.7586314, 46.0028985), (8.7588379, 46.0030392), (8.7592103, 46.0032931), (8.7592332, 46.0033083), (8.7592868, 46.0033437), (8.759768, 46.003662), (8.7597955, 46.0036802)];green;50;38.0
[(8.7548522, 45.9948175), (8.7545983, 45.9948951), (8.7544628, 45.9949531), (8.7543273, 45.9950006), (8.7540718, 45.9951097), (8.7535735, 45.9954387)];green;50;26.0
[(8.7414379, 45.9811127), (8.741541, 45.9811205), (8.7415919, 45.9811344), (8.741675, 45.9811775), (8.7417182, 45.9812185), (8.7417523, 45.9812865), (8.7417557, 45.9813313), (8.741732, 45.9814014), (8.7417029, 45.9814379), (8.7416299, 45.9814891), (8.7415674, 45.9815125), (8.7414232, 45.9815257), (8.7413018, 45.9814965), (8.7412241, 45.9814488), (8.7411763, 45.9813889), (8.7411592, 45.9813178), (8.7411791, 45.9812452), (8.7412325, 45.9811835), (8.741287, 45.9811495), (8.7413811, 45.9811192), (8.7414379, 45.9811127)];green;50;55.0
[(8.7413018, 45.9814965), (8.7412808, 45.9815226), (8.7411007, 45.9817469), (8.740848, 45.9819541), (8.7403344, 45.9822665), (8.7402311, 45.9823293), (8.7396374, 45.9826904), (8.7394454, 45.9828653), (8.7393223, 45.9830234), (8.7392144, 45.9832055), (8.73899, 45.9836671), (8.7386729, 45.984076), (8.7384377, 45.9843714), (8.7382065, 45.9847974), (8.737784, 45.9855124), (8.7375208, 45.9859064), (8.737326, 45.9861901), (8.7372655, 45.986336), (8.7372098, 45.9865018), (8.7371611, 45.9866559), (8.737122, 45.98682), (8.737068, 45.9870431), (8.7370045, 45.9872696), (8.7368396, 45.9877224), (8.7365834, 45.9884295), (8.7365213, 45.988605), (8.7364449, 45.988774), (8.7363767, 45.9888857), (8.7362943, 45.9889975), (8.7360896, 45.989223), (8.7354583, 45.9899189), (8.73535, 45.9900382)];green;50;55.0
[(8.7414379, 45.9811127), (8.7414594, 45.981062), (8.741507, 45.9809497), (8.7415439, 45.9807941), (8.7415452, 45.9806191), (8.7415626, 45.9804328), (8.7415807, 45.9803415), (8.741702, 45.9799476), (8.7421185, 45.9790306), (8.7427, 45.9783836), (8.7432322, 45.9777823), (8.7437949, 45.9770417), (8.7443931, 45.9764408), (8.7450912, 45.9758295), (8.7457379, 45.9752008), (8.7461652, 45.9745189), (8.746494, 45.9740542), (8.7470801, 45.9734732), (8.7479427, 45.9723765), (8.7482015, 45.9717261), (8.7483078, 45.9710621), (8.7484789, 45.9707482), (8.7488186, 45.9701247), (8.7488433, 45.9700793), (8.7489097, 45.9699575), (8.7491366, 45.969602), (8.7494488, 45.9691131), (8.7501109, 45.968177), (8.7506993, 45.9673764)];green;50;55.0
[(8.740101, 45.9987773), (8.7399349, 45.9986715), (8.7390809, 45.9982041), (8.7385547, 45.9979007), (8.7382052, 45.9977025), (8.7380829, 45.9976345), (8.7379351, 45.9975817), (8.737848, 45.9975534), (8.7377601, 45.9975261), (8.7377162, 45.9975126), (8.7376759, 45.997501), (8.7376582, 45.9974956), (8.7374707, 45.9974393), (8.737414, 45.9974233)];green;50;44.0
[(8.7411632, 46.0016584), (8.7412107, 46.0015845), (8.7412269, 46.0015458), (8.7412377, 46.0015087), (8.7412484, 46.0014807), (8.7412612, 46.0014542), (8.741288, 46.0013997), (8.741232, 46.0012666), (8.7412264, 46.0012543), (8.7410588, 46.0009144), (8.7410145, 46.0008338), (8.7409894, 46.000781), (8.7408464, 46.0005185), (8.7408584, 46.0004767), (8.7404848, 45.9997841), (8.7401393, 45.9991075), (8.7401018, 45.9990289)];green;50;23.0
[(8.7463716, 45.9975423), (8.7463516, 45.9975505), (8.7463339, 45.9975632), (8.7463232, 45.9975752), (8.7463157, 45.9975895), (8.7463003, 45.9976209), (8.746287, 45.9976523), (8.7462445, 45.9977786), (8.7460023, 45.9983959), (8.7457267, 45.998773), (8.745427, 45.9989461), (8.7448623, 45.9991241)];green;50;26.0
[(8.744098, 45.9962896), (8.7440947, 45.996214), (8.7441076, 45.9960803), (8.7441284, 45.9959394)];green;50;50.0
[(8.7448435, 45.9920428), (8.7448681, 45.9920315), (8.7449272, 45.9920044), (8.7450239, 45.9919691), (8.7458748, 45.9917333), (8.7467382, 45.9915108), (8.7472164, 45.99138), (8.7473356, 45.9913468), (8.7473544, 45.9913416)];green;50;50.0
[(8.7448623, 45.9991241), (8.7448482, 45.9989998), (8.744648, 45.9982768), (8.7446339, 45.998227), (8.7445411, 45.9978105), (8.7444779, 45.9973859), (8.7444444, 45.9969786), (8.7444369, 45.9968931), (8.7444314, 45.9968725), (8.7444223, 45.9968519), (8.7444041, 45.9968222), (8.7443892, 45.9968061), (8.7443689, 45.9967913), (8.7443282, 45.9967668), (8.7442813, 45.9967437), (8.7442327, 45.9967225), (8.744174, 45.9966983)];green;50;22.0
[(8.7405305, 45.9988816), (8.7413013, 45.9990866), (8.7414818, 45.9991439), (8.7416507, 45.9992073), (8.7421518, 45.9993955), (8.7422351, 45.9994274), (8.7422707, 45.999441)];green;50;25.0
[(8.7401018, 45.9990289), (8.7400928, 45.9989847), (8.7400898, 45.998938), (8.7400805, 45.9988902), (8.7400753, 45.9988684), (8.7400695, 45.9988432), (8.7400727, 45.9988199), (8.7400832, 45.9987955), (8.740101, 45.9987773)];green;50;25.0
[(8.7464624, 45.9973478), (8.7464992, 45.9973565), (8.7465314, 45.9973717), (8.7465568, 45.9973921), (8.7465737, 45.9974164), (8.746581, 45.9974439), (8.7465773, 45.9974718), (8.746563, 45.997498), (8.746539, 45.9975205), (8.7465073, 45.9975377), (8.74647, 45.9975483), (8.74642, 45.9975512), (8.7463716, 45.9975423), (8.7463394, 45.9975284), (8.7463134, 45.9975094), (8.7462951, 45.9974864), (8.746285, 45.997454), (8.7462902, 45.997421), (8.7463103, 45.997391), (8.7463396, 45.9973687), (8.7463769, 45.9973534), (8.7464191, 45.9973462), (8.7464624, 45.9973478)];green;50;26.0
[(8.7464535, 45.9972135), (8.7466282, 45.9967343), (8.7466438, 45.9966932), (8.7467342, 45.9964632), (8.7468719, 45.9962303), (8.7468874, 45.996204), (8.7470819, 45.9959211), (8.7472174, 45.9957561), (8.7473942, 45.9955755), (8.7476055, 45.9954047), (8.7478026, 45.995283), (8.7479919, 45.995165), (8.7481767, 45.9950552), (8.7484141, 45.9949366), (8.7487059, 45.9948277), (8.7491863, 45.9946496), (8.7492484, 45.994629)];green;50;26.0
[(8.7474594, 45.9981834), (8.7474123, 45.9981518), (8.7473474, 45.9981197), (8.7472571, 45.998075), (8.747184, 45.9980379), (8.7471099, 45.9979978), (8.747016, 45.9979404), (8.746934, 45.9978904)];green;30;13.0
[(8.7549063, 45.994326), (8.754866, 45.9943407), (8.754821, 45.9943453), (8.7547763, 45.9943393), (8.7547369, 45.9943235), (8.7547072, 45.9942995), (8.7546906, 45.9942701), (8.7546888, 45.9942385)];green;50;27.0
[(8.7549063, 45.994326), (8.7549571, 45.9943541), (8.7550262, 45.9943923), (8.7552107, 45.9945218), (8.7552947, 45.9945906), (8.7553007, 45.994634), (8.7552936, 45.994655), (8.7552857, 45.9946781)];green;50;32.0
[(8.7548894, 45.9941678), (8.75492, 45.9941379), (8.754972, 45.9940869), (8.7550436, 45.9940318), (8.7551601, 45.9939421), (8.7552284, 45.9938887), (8.7552867, 45.9938426)];green;50;38.0
[(8.7551965, 45.9962197), (8.7551676, 45.9961724), (8.755121, 45.9961065), (8.7550811, 45.9960254), (8.7550392, 45.9959242), (8.75502, 45.9957669), (8.7550207, 45.9957452), (8.7550641, 45.9956185), (8.7551203, 45.9955036), (8.7551943, 45.9954051), (8.7553166, 45.995332), (8.755445, 45.9952554), (8.7556239, 45.9951022), (8.7557529, 45.9949994), (8.7557825, 45.9949447), (8.7557264, 45.9948977), (8.7556559, 45.9948752), (8.7555925, 45.9948537), (8.7555597, 45.9948359), (8.755482, 45.994793), (8.7554101, 45.9947558)];green;50;38.0
[(8.7451823, 45.9968571), (8.745496, 45.997021), (8.7459772, 45.9972977), (8.7460911, 45.9973634)];green;50;25.0
[(8.7442938, 45.9965364), (8.7443095, 45.9965557), (8.7443215, 45.9965757), (8.7443267, 45.9966062), (8.7443233, 45.9966238), (8.7443146, 45.9966418), (8.7443017, 45.9966576), (8.7442805, 45.9966742), (8.7442674, 45.9966814), (8.7442531, 45.9966875), (8.7442343, 45.9966932), (8.7442146, 45.996697), (8.7441944, 45.9966987), (8.744174, 45.9966983), (8.7441538, 45.9966959), (8.7441344, 45.9966914), (8.7441154, 45.9966847), (8.7441, 45.9966771), (8.7440865, 45.9966683), (8.7440752, 45.9966588), (8.7440056, 45.9965881), (8.7439882, 45.9965665), (8.7439817, 45.996552), (8.7439785, 45.996537), (8.7439787, 45.9965218), (8.7439824, 45.9965069), (8.7439893, 45.9964925), (8.7439999, 45.9964788), (8.744012, 45.9964673), (8.7440268, 45.996457), (8.7440448, 45.9964479), (8.7440644, 45.9964409), (8.744084, 45.9964365), (8.7441069, 45.996434), (8.7441285, 45.996434), (8.7441471, 45.9964359), (8.744169, 45.9964405), (8.7441895, 45.9964476), (8.7442072, 45.9964564), (8.7442225, 45.9964669), (8.7442546, 45.9964967), (8.7442938, 45.9965364)];green;50;21.0
[(8.7503953, 45.9851956), (8.7503656, 45.9852269), (8.7503211, 45.985248), (8.7502457, 45.9852547), (8.7501861, 45.9852381), (8.7501436, 45.9852048), (8.750127, 45.9851618), (8.7501398, 45.9851181), (8.7501795, 45.9850831), (8.7502233, 45.9850667), (8.7502727, 45.9850621), (8.7503212, 45.9850698), (8.7503657, 45.9850909), (8.7503954, 45.9851222), (8.7504058, 45.9851589), (8.7503953, 45.9851956)];green;50;50.0
[(8.7441943, 45.9949604), (8.744128, 45.9946503), (8.7440641, 45.9943462)];green;50;50.0
[(8.7440641, 45.9943462), (8.7440524, 45.9943044), (8.7440218, 45.9941713), (8.7439723, 45.9940149), (8.7438415, 45.9937114), (8.7438063, 45.9936309), (8.7437923, 45.9934698)];green;50;52.0
[(8.7474923, 45.9913102), (8.7474838, 45.9913271), (8.7474682, 45.9913413), (8.747447, 45.9913515), (8.7474224, 45.9913567), (8.7473979, 45.9913565), (8.7473746, 45.9913513)];green;50;52.0
[(8.7476491, 45.9911396), (8.7476668, 45.99113), (8.7477369, 45.9910751), (8.747823, 45.9910074), (8.7478707, 45.9909201), (8.7479221, 45.990819), (8.7480933, 45.9904008), (8.748132, 45.9903063), (8.7483966, 45.9895829), (8.7484434, 45.9894744), (8.7487819, 45.9886503), (8.7488486, 45.9884879), (8.748905, 45.9883485), (8.7497623, 45.9863006)];green;50;52.0
[(8.7550754, 45.9705087), (8.7550018, 45.9724219), (8.7549683, 45.9727263), (8.7548413, 45.9730152), (8.7546546, 45.9732596), (8.754321, 45.9736639), (8.7540366, 45.9739236), (8.7526008, 45.9749039), (8.7524067, 45.9750753), (8.7517225, 45.9758892), (8.7515518, 45.9761647), (8.7514174, 45.9765289), (8.7514062, 45.9765717), (8.7514056, 45.9766663), (8.7514035, 45.9769742), (8.7513455, 45.97771), (8.7513306, 45.9781214), (8.7513066, 45.9782781), (8.7512499, 45.9784335), (8.7511277, 45.9786195), (8.7509733, 45.9788086), (8.7497836, 45.9801738), (8.7496422, 45.9805787), (8.7495035, 45.9816485)];green;50;59.0
[(8.7554101, 45.9947558), (8.75539, 45.9947765), (8.7553604, 45.9947898), (8.755315, 45.9947934), (8.7552852, 45.9947864), (8.7552609, 45.9947728), (8.7552449, 45.9947542), (8.7552392, 45.9947325)];green;50;32.0
[(8.7494738, 45.9827933), (8.7494924, 45.9827952), (8.7495076, 45.9827988), (8.7495349, 45.9828118), (8.7495585, 45.9828396), (8.7495616, 45.9828634), (8.7495498, 45.982889), (8.7495226, 45.9829096), (8.7495013, 45.9829172), (8.749485, 45.9829202), (8.7494591, 45.9829206)];green;50;59.0
[(8.7494591, 45.9829206), (8.7494589, 45.9829404), (8.7494555, 45.9833699), (8.7494517, 45.9836888), (8.7494534, 45.9837921), (8.7494555, 45.9839187)];green;50;59.0
[(8.7552867, 45.9938426), (8.7552532, 45.9938286), (8.755227, 45.9938086), (8.7552102, 45.993784), (8.7552044, 45.9937572), (8.75521, 45.9937304), (8.7552267, 45.9937058), (8.7552547, 45.9936846), (8.7552908, 45.9936704), (8.7553315, 45.9936646), (8.7553728, 45.9936678), (8.7554106, 45.9936796), (8.7554413, 45.993699), (8.755462, 45.993724), (8.7554706, 45.9937522)];green;50;32.0
[(8.7554706, 45.9937522), (8.7555319, 45.9937312), (8.7556849, 45.9936794), (8.7566224, 45.9931018), (8.7570576, 45.9928245), (8.7571814, 45.99274), (8.7584726, 45.9919471), (8.7590025, 45.991627)];green;50;52.0
[(8.7416917, 45.9951622), (8.7417438, 45.9953014), (8.7417973, 45.9953821), (8.7418125, 45.995405), (8.741896, 45.9954924), (8.7419121, 45.9955092), (8.7420091, 45.9955668), (8.7420801, 45.9955871), (8.7421789, 45.9956021), (8.7422915, 45.9955964), (8.7423988, 45.9955808), (8.7425212, 45.9955745), (8.7426301, 45.9955897), (8.7427412, 45.995625), (8.7428703, 45.9956788), (8.7429825, 45.9957448), (8.7430946, 45.9958107), (8.743526, 45.9960719), (8.743808, 45.9962375), (8.7438387, 45.996255), (8.7438832, 45.9962831), (8.7439383, 45.9963178)];green;50;50.0
[(8.737414, 45.9974233), (8.737323, 45.99744), (8.7372245, 45.9974549), (8.7371461, 45.9974797), (8.7370742, 45.9975113), (8.7369508, 45.9976174)];green;50;32.0
[(8.7497623, 45.9863006), (8.7497875, 45.9862523), (8.749796, 45.9862361), (8.7498156, 45.9861903), (8.7501382, 45.9854399), (8.7502271, 45.9852868), (8.7502457, 45.9852547)];green;50;52.0
[(8.7494933, 45.9841856), (8.7496112, 45.9843674), (8.7500087, 45.9848701), (8.7500544, 45.9849279)];green;50;59.0
[(8.744781, 45.9999393), (8.7448085, 45.9996171), (8.744816, 45.9993587), (8.7448205, 45.9992843), (8.7448225, 45.9992346), (8.7448128, 45.9991776), (8.7448318, 45.9991608), (8.7448623, 45.9991241)];green;50;27.0
[(8.7417082, 45.9949762), (8.7416663, 45.9949839), (8.7416231, 45.9949828), (8.7415821, 45.9949731), (8.7415479, 45.9949563), (8.7415218, 45.9949335), (8.7415059, 45.9949066), (8.7415015, 45.9948777), (8.7415111, 45.9948446), (8.7415356, 45.9948154), (8.7415723, 45.9947932), (8.7416141, 45.9947811), (8.7416591, 45.9947782), (8.7417034, 45.9947849), (8.7417436, 45.994801), (8.7417746, 45.994825), (8.7417935, 45.9948545), (8.7417986, 45.9948836), (8.7417917, 45.9949124), (8.7417734, 45.9949388), (8.7417451, 45.9949606), (8.7417082, 45.9949762)];green;50;34.0
[(8.7330327, 45.9938899), (8.7330573, 45.9938918), (8.7331639, 45.9938998), (8.7334154, 45.993906), (8.7335724, 45.9939063), (8.7340877, 45.9939072), (8.7344663, 45.9939078), (8.73457, 45.9939206), (8.7348053, 45.9939497), (8.7349449, 45.993967), (8.735407, 45.9941092), (8.7359319, 45.9943005), (8.7360861, 45.9943567), (8.7364431, 45.994492), (8.7365095, 45.9945171), (8.7367704, 45.9945999), (8.7371687, 45.994693), (8.7378798, 45.9947796), (8.7384601, 45.9948224), (8.7389166, 45.9948538), (8.7390961, 45.9948661), (8.7396951, 45.9948643), (8.7403386, 45.9948275), (8.7408724, 45.9947929), (8.7409991, 45.9947898), (8.7411541, 45.994796), (8.7412951, 45.9947979)];green;50;34.0
[(8.7475893, 45.9980558), (8.7476326, 45.9980617), (8.7476709, 45.9980769), (8.7477001, 45.9981), (8.747717, 45.9981283), (8.7477198, 45.998159), (8.7477079, 45.9981892), (8.7476824, 45.998215), (8.747646, 45.9982335), (8.7476029, 45.9982427), (8.7475582, 45.9982415), (8.7475165, 45.9982303), (8.7474823, 45.9982102), (8.7474594, 45.9981834), (8.7474505, 45.9981534), (8.7474559, 45.998123), (8.7474752, 45.9980954), (8.7475062, 45.9980736), (8.7475456, 45.9980599), (8.7475893, 45.9980558)];green;50;26.0
[(8.7400898, 45.998938), (8.7401091, 45.9989113), (8.7401419, 45.9988882), (8.7401781, 45.9988763), (8.740231, 45.9988719), (8.7402876, 45.998872), (8.7403785, 45.9988757), (8.7404649, 45.9988846), (8.7405305, 45.9988816)];green;50;28.0
[(8.740101, 45.9987773), (8.740124, 45.9987647), (8.7401554, 45.9987603), (8.7402026, 45.9987688), (8.7404739, 45.99885), (8.7405305, 45.9988816)];green;50;28.0
[(8.7430362, 45.9997302), (8.7431792, 45.9997843), (8.7432413, 45.9998078)];green;50;28.0
[(8.7495035, 45.9816485), (8.749473, 45.9818834), (8.7494722, 45.9824856), (8.7494737, 45.9827706), (8.7494738, 45.9827933)];green;50;59.0
[(8.7494591, 45.9829206), (8.7494351, 45.9829162), (8.7494163, 45.9829089), (8.7494008, 45.9828991), (8.7493908, 45.9828895), (8.7493805, 45.9828715), (8.74938, 45.9828444), (8.7493955, 45.9828198), (8.7494197, 45.9828037), (8.7494408, 45.9827966), (8.7494738, 45.9827933)];green;50;58.0
[(8.7466538, 45.9994076), (8.7467063, 45.9991882), (8.7467732, 45.9989812), (8.7468335, 45.9988865), (8.7468501, 45.9988604), (8.7469933, 45.9986974), (8.7472099, 45.9985083), (8.7473593, 45.9984139)];green;50;27.0
[(8.7494555, 45.9839187), (8.7494624, 45.9840577), (8.7494933, 45.9841856)];green;50;59.0
[(8.7500544, 45.9849279), (8.7500792, 45.9849552), (8.7501489, 45.985044), (8.7501795, 45.9850831)];green;50;50.0
[(8.7474198, 45.9912427), (8.7476491, 45.9911396)];green;50;50.0
[(8.7476491, 45.9911396), (8.7475802, 45.9912181), (8.7475116, 45.9912764), (8.747493, 45.9912923)];green;50;52.0
[(8.7486381, 45.9975466), (8.748137, 45.9978915), (8.748048, 45.9979488), (8.7479544, 45.9980132)];green;50;26.0
[(8.7462224, 46.0002481), (8.7464229, 46.0000718), (8.746499, 45.9999861), (8.7465185, 45.99996), (8.7465397, 45.9999244), (8.7465574, 45.9998838), (8.7466091, 45.9996185), (8.7466205, 45.9995485), (8.7466279, 45.9995174), (8.7466538, 45.9994076)];green;30;27.0
[(8.7437923, 45.9934698), (8.7438876, 45.9932209), (8.7440928, 45.992945), (8.7444194, 45.992506), (8.7446442, 45.9921967), (8.7447642, 45.9920886), (8.7448212, 45.9920557), (8.7448435, 45.9920428)];green;50;52.0
[(8.7524666, 45.996131), (8.7524036, 45.9961713), (8.7522525, 45.996234), (8.7521529, 45.9962754), (8.751809, 45.996314), (8.7507267, 45.9964805), (8.7502746, 45.9965934), (8.7499679, 45.9967176), (8.749892, 45.9967484), (8.7488684, 45.9973938), (8.7488278, 45.9974196), (8.7487385, 45.9974765), (8.7486854, 45.9975136), (8.7486381, 45.9975466)];green;50;36.0
[(8.7535735, 45.9954387), (8.7534379, 45.9955257), (8.7533924, 45.9955505), (8.7533039, 45.9956101), (8.752909, 45.9959007), (8.7524666, 45.996131)];green;50;36.0
[(8.7417451, 45.9949606), (8.7417165, 45.9950172), (8.7417009, 45.9950789), (8.7416917, 45.9951622)];green;50;34.0
[(8.7415015, 45.9948777), (8.741447, 45.9948347), (8.741392, 45.9948163), (8.7412951, 45.9947979)];green;50;44.0
[(8.7412951, 45.9947979), (8.7415241, 45.9947889), (8.7415723, 45.9947932)];green;50;34.0
[(8.7416917, 45.9951622), (8.7416568, 45.9950935), (8.7416298, 45.9950342), (8.7416064, 45.995002), (8.7415821, 45.9949731)];green;50;44.0
[(8.7439893, 45.9964925), (8.7439922, 45.9964498), (8.7439884, 45.9964251), (8.7439803, 45.9963983), (8.7439383, 45.9963178)];green;50;44.0
[(8.744084, 45.9964365), (8.7440813, 45.9964147), (8.7440799, 45.9963929), (8.7440806, 45.9963711), (8.7440827, 45.9963493), (8.7440886, 45.9963195), (8.744098, 45.9962896)];green;50;50.0
[(8.7473544, 45.9913416), (8.7473385, 45.9913273), (8.7473298, 45.9913103), (8.7473291, 45.9912923), (8.7473365, 45.991275), (8.7473508, 45.9912605), (8.7473708, 45.9912496), (8.7473945, 45.9912435), (8.7474198, 45.9912427), (8.7474468, 45.991248), (8.7474696, 45.9912593), (8.747493, 45.9912923), (8.7474923, 45.9913102)];green;50;50.0
[(8.7473746, 45.9913513), (8.7473544, 45.9913416)];green;50;52.0
[(8.7439383, 45.9963178), (8.7439896, 45.9963504), (8.7440115, 45.9963667), (8.7440319, 45.9963831), (8.7440595, 45.9964093), (8.744084, 45.9964365)];green;50;34.0
[(8.7552392, 45.9947325), (8.7552451, 45.9947101), (8.7552598, 45.9946928), (8.7552857, 45.9946781)];green;50;36.0
[(8.7554168, 45.9947305), (8.7554133, 45.9947439), (8.7554101, 45.9947558)];green;50;32.0
[(8.7552392, 45.9947325), (8.7551722, 45.9947427), (8.755102, 45.9947534), (8.755007, 45.9947784)];green;50;36.0
[(8.7549841, 45.9965141), (8.754983, 45.9964796), (8.7550059, 45.9964442), (8.7550728, 45.9963873), (8.7551636, 45.9963118), (8.7551985, 45.9962653), (8.7551965, 45.9962197)];green;50;32.0
[(8.7549841, 45.9965141), (8.7550048, 45.996556), (8.7550683, 45.9965815), (8.7551657, 45.9965825), (8.7553167, 45.9965335), (8.7554418, 45.9964745), (8.7555693, 45.9964089)];green;50;32.0
[(8.7555693, 45.9964089), (8.7556935, 45.9963236)];green;50;32.0
[(8.7556935, 45.9963236), (8.7558167, 45.9962313), (8.7558554, 45.9962023), (8.7559645, 45.9961374), (8.756052, 45.9961011), (8.7561366, 45.9960962), (8.7562128, 45.9961207), (8.7562496, 45.9961695), (8.7562379, 45.9962454), (8.7561959, 45.9963571), (8.7561655, 45.9964378)];green;50;38.0
[(8.7561655, 45.9964378), (8.7561153, 45.9965713), (8.7560675, 45.996705), (8.7560449, 45.9967835), (8.756059, 45.9968501), (8.756126, 45.9968902), (8.7562086, 45.996907), (8.7563116, 45.9968982), (8.7564302, 45.9968737), (8.756517, 45.9968679), (8.7565953, 45.9968795)];green;50;38.0
[(8.7553542, 45.9946734), (8.7553844, 45.9946846), (8.7554089, 45.9947068), (8.7554168, 45.9947305)];green;50;32.0
[(8.744098, 45.9962896), (8.7441282, 45.9963436), (8.7441447, 45.9963706), (8.7441626, 45.9963976), (8.7441835, 45.996427), (8.7442072, 45.9964564)];green;50;52.0
[(8.7441284, 45.9959394), (8.7441679, 45.9956277), (8.7442088, 45.9953009), (8.7442173, 45.9952021), (8.744218, 45.9951006), (8.7441943, 45.9949604)];green;50;52.0
[(8.7492484, 45.994629), (8.7501345, 45.9943472), (8.750333, 45.9943064), (8.7506792, 45.994251), (8.7508178, 45.9942286), (8.750916, 45.994228), (8.7512434, 45.994196), (8.7517403, 45.9942049), (8.7523557, 45.9942323), (8.7524026, 45.9942344), (8.7526324, 45.9942558), (8.7531227, 45.9942833), (8.7534828, 45.9943057), (8.7537825, 45.9943001), (8.7539836, 45.9942949), (8.7541212, 45.9942923)];green;50;27.0
[(8.7541212, 45.9942923), (8.7542803, 45.9942751), (8.7544825, 45.9942635), (8.7546257, 45.9942461), (8.7546888, 45.9942385)];green;50;27.0
[(8.755007, 45.9947784), (8.7548522, 45.9948175)];green;50;36.0
[(8.7552857, 45.9946781), (8.7553113, 45.9946717), (8.7553542, 45.9946734)];green;50;32.0
[(8.7546888, 45.9942385), (8.7547014, 45.9942093), (8.7547268, 45.9941844), (8.7547622, 45.9941663), (8.7548041, 45.9941571), (8.754848, 45.9941576), (8.7548894, 45.9941678)];green;50;38.0
[(8.7548894, 45.9941678), (8.7549247, 45.9941871), (8.754949, 45.9942134), (8.7549597, 45.9942437), (8.7549556, 45.9942748), (8.7549371, 45.9943033), (8.7549063, 45.994326)];green;50;38.0
[(8.7554706, 45.9937522), (8.7554655, 45.9937829), (8.7554461, 45.9938108), (8.7554145, 45.9938326), (8.7553744, 45.993846), (8.7553301, 45.9938494), (8.7552867, 45.9938426)];green;50;52.0
[(8.7422707, 45.999441), (8.7426702, 45.9995874), (8.7427713, 45.9996249), (8.7429608, 45.9997014), (8.7430003, 45.9997165), (8.7430362, 45.9997302)];green;50;36.0
[(8.7479544, 45.9980132), (8.7479323, 45.9980367), (8.7479201, 45.9980486), (8.7479046, 45.9980597), (8.7478873, 45.9980691), (8.747868, 45.9980786), (8.7478418, 45.9980889), (8.7478147, 45.9980984), (8.7477844, 45.9981099), (8.7477567, 45.9981235), (8.7477366, 45.9981383), (8.7477198, 45.998159)];green;50;36.0
[(8.7476709, 45.9980769), (8.7477037, 45.998079), (8.7477339, 45.9980794), (8.7477642, 45.998076), (8.7477973, 45.9980687), (8.7478326, 45.9980569), (8.7478697, 45.9980413), (8.747912, 45.9980262), (8.7479544, 45.9980132)];green;50;29.0
[(8.7473593, 45.9984139), (8.7473746, 45.9983887), (8.7473881, 45.9983659), (8.7474037, 45.9983454), (8.747421, 45.9983251), (8.7474406, 45.9983062), (8.7474539, 45.9982885), (8.7474654, 45.9982662), (8.7474753, 45.9982412), (8.747479, 45.9982259), (8.7474823, 45.9982102)];green;50;29.0
[(8.7476029, 45.9982427), (8.7475509, 45.9982645), (8.7475179, 45.9982852), (8.7474971, 45.9983052), (8.7474765, 45.9983353), (8.747449, 45.9983634), (8.7474186, 45.9983855), (8.7473884, 45.9984008), (8.7473593, 45.9984139)];green;50;36.0
[(8.746563, 45.997498), (8.746577, 45.9975519), (8.746638, 45.9976225), (8.7467109, 45.9976926), (8.7467585, 45.9977307), (8.7471477, 45.9979694), (8.7472128, 45.9980053), (8.747278, 45.9980391), (8.7473462, 45.9980669), (8.7473926, 45.9980784), (8.7474379, 45.998083), (8.7474715, 45.9980803), (8.7475062, 45.9980736)];green;30;15.0
[(8.7460911, 45.9973634), (8.7461166, 45.9973735), (8.7461406, 45.9973831), (8.7461625, 45.9973903), (8.7461888, 45.997396), (8.7462186, 45.9973998), (8.7462394, 45.9974009), (8.7462614, 45.9974), (8.7462864, 45.9973957), (8.7463103, 45.997391)];green;50;22.0
[(8.7462951, 45.9974864), (8.7462816, 45.9974757), (8.7462673, 45.9974654), (8.7462531, 45.9974564), (8.746238, 45.9974487), (8.7462209, 45.9974432), (8.7462034, 45.9974383), (8.7461763, 45.9974312), (8.7461496, 45.9974209), (8.7461253, 45.9974054), (8.7461056, 45.9973851), (8.7460911, 45.9973634)];green;50;25.0
[(8.7463396, 45.9973687), (8.7463788, 45.9973321), (8.7464048, 45.9972964), (8.7464308, 45.9972549), (8.7464535, 45.9972135)];green;50;36.0
[(8.7464535, 45.9972135), (8.7464592, 45.9972326), (8.7464636, 45.9972531), (8.7464648, 45.9972616), (8.7464646, 45.997271), (8.7464628, 45.9972821), (8.746461, 45.9972928), (8.7464583, 45.9973074), (8.746458, 45.9973228), (8.7464595, 45.9973357), (8.7464624, 45.9973478)];green;50;27.0
[(8.7438387, 45.996255), (8.7438861, 45.9962589), (8.7439237, 45.9962596), (8.7439613, 45.9962565), (8.7440005, 45.9962491), (8.744036, 45.9962393), (8.7440681, 45.9962272), (8.7440947, 45.996214)];green;50;11.0
[(8.7445188, 45.9967125), (8.7445047, 45.996715), (8.7444896, 45.9967162), (8.7444594, 45.9967158), (8.7444353, 45.9967137), (8.7444101, 45.9967089), (8.7443705, 45.9966969), (8.7443294, 45.9966869), (8.744295, 45.9966844), (8.7442531, 45.9966875)];green;50;25.0
[(8.7443215, 45.9965757), (8.7443442, 45.9966048), (8.7443617, 45.9966217), (8.7443806, 45.9966396), (8.7444034, 45.9966559), (8.744431, 45.9966713), (8.7444591, 45.9966839), (8.7444897, 45.9966973), (8.7445188, 45.9967125)];green;50;25.0
[(8.7445188, 45.9967125), (8.7446564, 45.9967077), (8.7447183, 45.9967038), (8.7447924, 45.9967016), (8.7448649, 45.9967031), (8.7449092, 45.9967096)];green;50;25.0
[(8.7449092, 45.9967096), (8.7449355, 45.9967067), (8.7449687, 45.9967076), (8.7450057, 45.9967146), (8.7450459, 45.9967291), (8.7450836, 45.996746), (8.7451152, 45.9967647), (8.7451412, 45.9967839)];green;50;22.0
[(8.7449092, 45.9967096), (8.7449329, 45.9967283), (8.744961, 45.9967478), (8.7449953, 45.9967686), (8.7450408, 45.9967953), (8.7450864, 45.9968194), (8.7451175, 45.9968345), (8.7451436, 45.9968462), (8.7451661, 45.9968533), (8.7451823, 45.9968571)];green;50;25.0
[(8.746934, 45.9978904), (8.7467221, 45.9977564), (8.7466725, 45.9977216), (8.7466366, 45.9976922), (8.7466053, 45.9976628), (8.7465683, 45.9976225), (8.7465398, 45.9975955), (8.7465046, 45.9975699), (8.74647, 45.9975483)];green;30;8.0
[(8.7451412, 45.9967839), (8.7451577, 45.9968042), (8.7451747, 45.9968313), (8.7451823, 45.9968571)];green;50;25.0
